bfs,cfd,cfd_double,fdtd2d,gemm,gups,kmeans,lavamd,maxflops,nw,particlefilter_float,particlefilter_naive,pathfinder,raytracing,sort,srad,where,lammps,Resnet50,sw4lite,Laghos,NAMD,miniGAN,gromacs,bert_large,UNet,CRADL,XSBench
0.6370244105609141,0.6373585238171696,0.8180639282057782,0.7331087836685675,0.6387159104703184,0.970848937085044,0.8997884481053474,0.6568633387383872,0.716043545934043,0.6153264895412068,0.8570260000302954,0.6508309873828764,0.6464390721936012,0.8223282561685991,0.6524270107632251,0.5978185562376822,0.628115210021462,0.6389884948730469,0.7310750484466553,0.6178106665611267,0.6563416123390198,0.627976655960083,0.7215169668197632,0.6971698999404907,0.8452942371368408,0.6677271723747253,0.6283686757087708,0.5831326246261597
0.6013429075741507,0.6303588269271908,0.8436053672825574,0.7854779978967973,0.6366860239572081,0.9851356221102996,0.8998044832947067,0.6715450883983753,0.7531451865318027,0.6349121256753535,0.8708954401785842,0.653585860805787,0.6521108358050783,0.8458677824760473,0.6524860486605153,0.5554640711156845,0.628151626912099,0.6228514909744263,0.7470096349716187,0.6005779504776001,0.6614680290222168,0.6101149320602417,0.7458560466766357,0.7064132690429688,0.8447879552841187,0.6868845820426941,0.6396945714950562,0.5754767060279846
0.6370124204258663,0.6304167114518233,0.8435225051624754,0.8458710940669151,0.6428861720523334,0.985147607470026,0.9182398195945806,0.6568526582811293,0.7732924365063351,0.6249219402047689,0.8851861613675299,0.6536091209797796,0.6354879830089519,0.8656079103550036,0.6524755625475407,0.6248883644180016,0.6281304586013619,0.6441506147384644,0.7707024812698364,0.6121124625205994,0.6733508706092834,0.6320820450782776,0.7470630407333374,0.7186230421066284,0.8634544610977173,0.7080784440040588,0.6376308798789978,0.5863978266716003
0.6323115698104292,0.630321094211017,0.8708892370144606,0.8798356224896156,0.644969381439827,0.98523163730635,0.9182527367414592,0.6336940889179409,0.7435975362123431,0.6153005452156504,0.899897977277984,0.6508316603858878,0.6409995567488151,0.8916359067799733,0.6524427245595086,0.5850213866606032,0.6362818228481734,0.6355198621749878,0.7802914381027222,0.6138668060302734,0.6758633852005005,0.6283376216888428,0.7622078657150269,0.7142016887664795,0.8724909424781799,0.7132717370986938,0.6379042863845825,0.5897980332374573
0.6370099451863042,0.6304380180337082,0.8707464736223751,0.9165126910871866,0.6429022717858369,0.9997975014920802,0.9182174473850828,0.6666231535667926,0.7435099929102399,0.6249457461525192,0.9152489569735256,0.6536279894398764,0.6521546973126636,0.9081079945605331,0.6525260853393156,0.6043371608989897,0.6281175674081325,0.6265124082565308,0.7970572710037231,0.6174097657203674,0.6803863644599915,0.6358495950698853,0.7712732553482056,0.7039026021957397,0.881598949432373,0.7155210971832275,0.6339183449745178,0.5979698896408081
0.6369996805596537,0.6303546950544155,0.870946211029323,0.9164625577531784,0.6450129816362329,0.9997054224935744,0.8997808846967665,0.6616655811137216,0.7532203552612987,0.6249043913351301,0.9309873040080447,0.6535659848498996,0.6465617135525874,0.9250335243448132,0.6524831875816978,0.597711965974833,0.6281341731111691,0.6303095817565918,0.8003827333450317,0.6007047295570374,0.6969476342201233,0.631115198135376,0.7763680219650269,0.725308895111084,0.886348307132721,0.7288914322853088,0.6462731957435608,0.5888660550117493
0.6369846413452503,0.6303600955240967,0.8437340466252461,0.9165411230147024,0.6326028105158347,0.9997634377431756,0.8997292633319582,0.6616879351048413,0.7532081279723496,0.6060182013651493,0.9474280417463348,0.6536306332661598,0.6520814595334787,0.942708356465472,0.652457615336593,0.5912882985661828,0.6281230182138514,0.6691675782203674,0.7652024626731873,0.5821608304977417,0.6990042328834534,0.6397360563278198,0.6568903923034668,0.7311403155326843,0.8736170530319214,0.616814911365509,0.6287620067596436,0.5857985019683838
0.6369697308539103,0.6304068969478311,0.8997258840875528,0.9165547942370124,0.6470208886508186,0.9997535159409128,0.8998391339329058,0.666689578498995,0.753283686491802,0.6059347590652776,0.947331902781429,0.650895165282765,0.5136852054335087,0.9549573157021932,0.6580292428374249,0.5912776376656426,0.6201760382463627,0.62035071849823,0.8019503951072693,0.602144718170166,0.6868256330490112,0.6153690814971924,0.7783706188201904,0.7428369522094727,0.8594863414764404,0.7174504399299622,0.6555688381195068,0.5736536979675293
0.6370317513159559,0.6304060032527776,0.8998854483623832,0.916407759095975,0.644976026851135,0.9997783953921074,0.899747369106034,0.6666351108171666,0.7531346282614289,0.615271706236405,0.9472419133151464,0.6564693765201179,0.6521012917352894,0.9674165566971784,0.6580558667861954,0.5978109435962212,0.6202047423036254,0.6454561948776245,0.8182648420333862,0.6173866391181946,0.6972531676292419,0.6403186321258545,0.786723256111145,0.7374649047851562,0.8936282396316528,0.7365846037864685,0.6572516560554504,0.5914652347564697
0.6370384722535045,0.6373332364598212,0.899911093565018,0.9163815525688704,0.6491850987991096,0.9999020297553304,0.8999012290698019,0.6817924299078468,0.7532895172257135,0.6152720215988429,0.9642469917876342,0.653644721463226,0.6521506102689789,0.9802438414823286,0.6525068271098755,0.6042378182098241,0.6281512167193969,0.6417480707168579,0.8219941854476929,0.6232748627662659,0.6981491446495056,0.629847526550293,0.787440299987793,0.732586145401001,0.8920460343360901,0.736388623714447,0.6697755455970764,0.5955281257629395
0.6369453644048009,0.6303577540047443,0.8997633823867803,0.9164732456181844,0.6449588930692782,0.9998462502145932,0.8997771758463838,0.6665670728056933,0.7532507063559745,0.5882359851087207,0.9642230757006528,0.6536229779460498,0.640993016060835,0.9868355870613986,0.6524538412577364,0.6111001315812205,0.6281625374678931,0.6330744028091431,0.8207101821899414,0.6183007955551147,0.6923299431800842,0.6397255659103394,0.7909021377563477,0.7383780479431152,0.8978862762451172,0.7291315197944641,0.6576293706893921,0.5854679942131042
0.6935215408830514,0.6987033471293607,0.8435518011595778,0.7584420353713147,0.6828133514616254,0.9708871875360828,0.8998208274412236,0.6715835829313672,0.7944276172841928,0.6666875334687041,0.8709183539505883,0.7224384603093699,0.7210894441662817,0.8222684006838733,0.7196088395332965,0.6321166278413871,0.699950538379659,0.6831661462783813,0.7678214907646179,0.6642611622810364,0.7245218753814697,0.6804723739624023,0.7571868896484375,0.7414954900741577,0.8481481671333313,0.7059553861618042,0.6871088147163391,0.6409794092178345
0.6934875472924952,0.6516871355058566,0.8436435540808435,0.8145422577995394,0.6851804368562,0.9850918138951066,0.9181201748471164,0.7316482753103235,0.7944870694877527,0.6557086252877927,0.8851806700989057,0.7122332878967345,0.72105996643135,0.8457661962729217,0.7064054397293723,0.6789879218412593,0.7100372326791027,0.6929281949996948,0.7879955768585205,0.6614948511123657,0.7192069888114929,0.6822758316993713,0.7788709402084351,0.7421591281890869,0.8698710203170776,0.7194914221763611,0.6912775635719299,0.6466005444526672
0.6990690005256837,0.698768413430863,0.8707831862323042,0.8459804108363436,0.6875659061410814,0.9851508348779492,0.918199072302768,0.6765950502992071,0.8055952544207088,0.6450949753753443,0.8998953858989007,0.7088845645469102,0.728067037795269,0.8656156114964475,0.6999222994690675,0.6320592707405782,0.6998991242566172,0.6823465824127197,0.7966853380203247,0.6636661887168884,0.7122071385383606,0.6761409640312195,0.7829399108886719,0.7415388822555542,0.877484917640686,0.7380462288856506,0.6849232316017151,0.64497309923172
0.693569950696319,0.6988537937659532,0.870766941924367,0.916529451894962,0.6923043157521436,0.9999756068896432,0.9182358321233388,0.7376457981712108,0.8054485020852977,0.6666380794172987,0.9152197598330776,0.7156109228824309,0.7211362300022218,0.8916957730091382,0.7063791804222637,0.6249219414942514,0.6900228704196864,0.7030807733535767,0.8255857229232788,0.6555264592170715,0.7386753559112549,0.6863865852355957,0.792540431022644,0.7691324949264526,0.893178403377533,0.7736610770225525,0.6877642273902893,0.6572843194007874
0.6934601397413017,0.6904717786811628,0.8708640558054915,0.9164087768554182,0.6899343670732896,0.9998652949744858,0.9372598116608684,0.7257359483692558,0.8054721273199761,0.6779371328357797,0.9151599831335528,0.7224472711240302,0.7210935498548371,0.9080248666027052,0.7129276301734352,0.646955830462864,0.6999012516862344,0.690933108329773,0.8139262795448303,0.663756787776947,0.7428311109542847,0.6792995929718018,0.8056615591049194,0.7710940837860107,0.9027271866798401,0.7561559081077576,0.7085912823677063,0.6604647040367126
0.6879588883753548,0.6904968920438446,0.8998386167977329,0.9563423949698407,0.6874839997405318,0.999960707285069,0.918105914816356,0.7316538674258356,0.7944976482192616,0.6778934607835665,0.9309743992409776,0.7190605837418039,0.7280916806289872,0.9251341108450876,0.7063636762546454,0.6790162946516545,0.6901098587956968,0.6892554759979248,0.7981274127960205,0.6976917386054993,0.6991565227508545,0.6312221884727478,0.7044662833213806,0.7648066878318787,0.8963990211486816,0.7831067442893982,0.6787245869636536,0.6633483171463013
0.6935660418762815,0.6823232741789566,0.8998290369166373,0.9164401104129536,0.6996856420804687,0.9998397718939456,0.9181325356824576,0.7199882928034388,0.7945154493063668,0.6779880204718587,0.9473310483706608,0.7156370056200451,0.7281616041613278,0.9427623436380508,0.7128173203366902,0.6320963825632593,0.6998740339371953,0.6815605163574219,0.828028678894043,0.6628683805465698,0.744500994682312,0.684921383857727,0.8055644631385803,0.7522469758987427,0.9086382389068604,0.7766640782356262,0.6996665000915527,0.6514502167701721
0.6991384984751179,0.6904812439113934,0.8998585481727169,0.9165611209513332,0.6972015063402048,0.9998398145142018,0.918216599974334,0.7316715588939962,0.7836998212628523,0.655700873406659,0.9641872447707596,0.7122088150693756,0.7280835884167611,0.9549577585424576,0.7128684149014823,0.6547576836848874,0.6999309609026049,0.7017173767089844,0.8462328910827637,0.6624260544776917,0.7336606979370117,0.6840815544128418,0.8196182250976562,0.7645485401153564,0.9131011366844177,0.7866482138633728,0.694983959197998,0.6587193608283997
0.6990600738447322,0.6516779999132583,0.8998429713565723,0.916483188464723,0.694783110291376,0.999793687316387,0.9180954541748916,0.725763022303865,0.7944901570805694,0.6779755371692779,0.964207528421622,0.7155316918418858,0.7280531626355322,0.9674483345820396,0.712839546074921,0.6706191300322012,0.6998994050575483,0.6906428337097168,0.8313835859298706,0.6741868853569031,0.732597291469574,0.6877452731132507,0.8145439028739929,0.7708792686462402,0.9045997858047485,0.7803983092308044,0.7043940424919128,0.6642249226570129
0.693440767295501,0.6822464079935633,0.9309429944907934,0.9563921763036614,0.6996891081525083,0.9998285913055616,0.9182268046877652,0.7376599353722919,0.7944706320863384,0.6779657182424405,0.9641011532451328,0.7155634554353958,0.7281015900486271,0.980250531559724,0.7128620748064581,0.6788660056049293,0.699918181156459,0.693149209022522,0.8475096821784973,0.6688148379325867,0.7493994832038879,0.6926189661026001,0.8251891136169434,0.768296480178833,0.9025963544845581,0.7815180420875549,0.6982390284538269,0.6652436852455139
0.6825363709917398,0.6905020534613846,0.9309266591112776,0.916478916831459,0.6780495633178948,0.999883814763518,0.9182304709470124,0.7316217287928918,0.7944446952192508,0.6667076715679425,0.98165230414593,0.7189699148603884,0.7210580193751835,0.993353611329534,0.7063439222288725,0.6394521181909892,0.7099546730963795,0.6834431886672974,0.8406728506088257,0.6568626165390015,0.739348828792572,0.6791172027587891,0.8082205057144165,0.7728980779647827,0.9147516489028931,0.7867195010185242,0.6917745471000671,0.6519178748130798
0.7747499457679199,0.7631621446593461,0.8436391115348957,0.7585674144760636,0.7528598745862676,0.970851462017528,0.9372417817720357,0.8035478429654823,0.8406555501521111,0.7142173492584724,0.8710018553315874,0.7782977698007223,0.7977458605234401,0.8223984081621619,0.78558237534543,0.753325434714621,0.7655304151647063,0.7776999473571777,0.8454909920692444,0.7351847290992737,0.843287467956543,0.7208868265151978,0.7717887759208679,0.8852939009666443,0.8788313865661621,0.7851136326789856,0.8103154897689819,0.6906226277351379
0.7678345846257336,0.7631558159446403,0.8709103406042876,0.8146119882083241,0.7615882180964819,0.9851389528800876,0.9373548053128004,0.796411883083255,0.8286182548115826,0.5796817058769017,0.885175061477258,0.7824262705735531,0.7977288712811225,0.8457180057143834,0.7856557261529827,0.7638284359703784,0.765576810861169,0.7646076679229736,0.8223714232444763,0.7185704112052917,0.7724592089653015,0.7419221997261047,0.8547593951225281,0.7937322854995728,0.8499754071235657,0.7541452050209045,0.7364693284034729,0.7249813675880432
0.7746818438821559,0.7532217701944472,0.8708304786681407,0.8797368100054126,0.7704272538626502,0.9852052212611464,0.9374381032610624,0.8035638642959716,0.8406586416103418,0.7407209907614526,0.8999219143309058,0.7823833267059069,0.7978914297411331,0.8656020020627839,0.7855722607778389,0.7638026318901895,0.7654780701699586,0.7813966274261475,0.8449385166168213,0.7362934350967407,0.7871074080467224,0.7483465075492859,0.8216558694839478,0.7769045829772949,0.8936837911605835,0.7793487906455994,0.7588558793067932,0.7327950596809387
0.7747156956572406,0.7631534881129926,0.8997851376862102,0.9164068685583168,0.7673896109075091,0.9997476851096244,0.937270128043286,0.7963744175908215,0.8405976170665529,0.7272803911045028,0.9152244634447968,0.7824289203451029,0.7978175214032307,0.8916874295055254,0.7856725175272042,0.705081366854824,0.7655130837037255,0.7651104927062988,0.8545221090316772,0.7391626834869385,0.7999345660209656,0.7527112364768982,0.831080436706543,0.7900141477584839,0.8937811851501465,0.8086273074150085,0.7548103332519531,0.7307752966880798
0.7747746160960732,0.7632208384506605,0.8999356977696474,0.9563766574313056,0.7704141033543892,0.9999372041858334,0.9571650215222038,0.8035124760313344,0.8528183055232629,0.7547438887631346,0.9310694398884908,0.7863774816986895,0.7978830450704367,0.9080078811812744,0.7777845915703345,0.7534213629812929,0.7655629109222319,0.7830145359039307,0.86353600025177,0.7273262143135071,0.7950708866119385,0.7717587351799011,0.8475679159164429,0.7832292318344116,0.9103862047195435,0.822119951248169,0.7663485407829285,0.7351453900337219
0.7816965631041393,0.7533109493626585,0.8999394677724483,0.9562416407433264,0.7674822467025533,0.99986674413922,0.937234542130425,0.8107489783029246,0.8528730877982726,0.75474853252849,0.9473620059222866,0.790512302656701,0.7978179254133402,0.9250328529059292,0.7856601223706937,0.7049625214643838,0.7655918844092392,0.7648694515228271,0.870441198348999,0.7378514409065247,0.8011569380760193,0.7639996409416199,0.8535683751106262,0.8008464574813843,0.8988784551620483,0.8433865904808044,0.7702630758285522,0.7425459623336792
0.7818114511963319,0.7532418022344555,0.9310053309211568,0.9564081113841644,0.7703785823885775,0.9998845891002874,0.9572695319882591,0.8107486167207822,0.8405408574632333,0.7547160070349443,0.9473280737674166,0.7906155541377492,0.806377065326786,0.9428204934443954,0.7856044062405824,0.7142021678889786,0.7655747665533625,0.7705219984054565,0.8758269548416138,0.7440140843391418,0.8224895596504211,0.7630563974380493,0.85595703125,0.8045165538787842,0.9089117646217346,0.836471676826477,0.7763686776161194,0.7441397309303284
0.7746954706099539,0.725006927351846,0.9309038149909956,0.9564009256858534,0.7734672625854561,0.999753096914228,0.9571540783735674,0.8108506478295245,0.8529964915933874,0.72728729026493,0.9643125663089775,0.7823686940997321,0.8064075957812162,0.9611094192776112,0.7855839244119757,0.7533142355878129,0.7654998863566722,0.7625921368598938,0.8932434916496277,0.7406343221664429,0.7828068137168884,0.7278013825416565,0.867028534412384,0.8562008738517761,0.9368636608123779,0.8592626452445984,0.7654531598091125,0.7132779955863953
0.7818204306826155,0.7532572251167167,0.9310369837236234,0.9563172588499462,0.7674006975371366,0.9997903845620624,0.9572200900030896,0.8107369280564095,0.8405043458608681,0.7999457434415151,0.9641318153400116,0.7587696934597907,0.7977962468089618,0.9674557240370384,0.7699464637355603,0.7236607544987258,0.7777469175242572,0.7597827911376953,0.8310906887054443,0.7198611497879028,0.7716744542121887,0.7034652829170227,0.9762618541717529,0.7730973362922668,0.9324511885643005,0.8723090291023254,0.7429398894309998,0.72061687707901
0.7817724432377565,0.7248964449704933,0.9308911633452586,0.9563849710502912,0.7644166717825143,0.9998238747918072,0.937418802106269,0.8108009208424097,0.8529731491301669,0.7842454000006347,0.98173608725399,0.7947805272280984,0.8063629586190699,0.9802517676117314,0.7856347264966785,0.714207368822362,0.7655191302675342,0.7623895406723022,0.89613938331604,0.743174135684967,0.8001908659934998,0.7714141607284546,0.867097020149231,0.8316563367843628,0.91837477684021,0.8595194816589355,0.7639603018760681,0.744426965713501
0.7746667195064624,0.7630536150462486,0.930956915926168,0.9563596347576878,0.7615331826630517,0.9997932682560274,0.9571838260998484,0.803560718723211,0.8405443539765276,0.7546934143810985,0.9817767521079506,0.7864891541538637,0.7978609063459439,0.99343006494612,0.7776487875826587,0.7142933718065552,0.7655658890313487,0.7572036981582642,0.884395956993103,0.7338114976882935,0.792736828327179,0.7582353353500366,0.8660093545913696,0.805023193359375,0.9140591025352478,0.8417282700538635,0.7696990370750427,0.7301018238067627
0.8348229617942883,0.8168422660045331,0.8708562061989904,0.785491430264518,0.7674175439945286,0.9708482070672242,0.9373331930297604,0.8490611698172981,0.8787525894970504,0.833249232596894,0.8708643577386905,0.8342548278996548,0.852144790267058,0.8223685546945512,0.8368463926139373,0.7745349671112008,0.8165802237419649,0.8146215677261353,0.8284798860549927,0.7722373604774475,0.852417528629303,0.792232871055603,0.8215142488479614,0.8327759504318237,0.8693557381629944,0.7899405360221863,0.8056809306144714,0.7846433520317078
0.8190586136236979,0.7945135541972951,0.8708990397588331,0.8459085828653535,0.8215696597881221,0.9852422661983332,0.9572458767541968,0.8410450092243731,0.878755555550427,0.8333408028336643,0.8852576507778428,0.8342380898082239,0.8240910126398052,0.8457713031837601,0.8368571908612964,0.8208410877085269,0.8165599984259982,0.8030753135681152,0.8622011542320251,0.7832339406013489,0.8477643728256226,0.8026526570320129,0.8322982788085938,0.8119783401489258,0.8845659494400024,0.7907698750495911,0.8081919550895691,0.7744595408439636
0.8189632980780952,0.8285199269574547,0.8998163877885084,0.8799069775962113,0.8215645986790739,0.9851548071013454,0.9572851121190974,0.8410590398810199,0.8530027976813791,0.7999477387095797,0.9000263156145072,0.8342292570004388,0.8426355455699087,0.8656229657807052,0.8369986805725885,0.7534593244455536,0.816616394702182,0.8261806964874268,0.8726656436920166,0.778344452381134,0.8371194005012512,0.7933847904205322,0.8439475893974304,0.815969705581665,0.897564172744751,0.8098631501197815,0.8090868592262268,0.7864295840263367
0.8349827944353513,0.8169871682494964,0.8708628923966177,0.9563950663533762,0.8284732874274578,0.9997769109710456,0.9572955637916388,0.8489822153447345,0.8786982977799446,0.784337863581666,0.9152346092334313,0.8250962651037245,0.842593806027162,0.8915874832496163,0.8368314859484659,0.7534175356009514,0.8166068835606487,0.8150980472564697,0.8648451566696167,0.7708871960639954,0.8384804129600525,0.7969532608985901,0.8670068979263306,0.8156930208206177,0.9055919647216797,0.8273730874061584,0.8059180378913879,0.7713966965675354
0.704861053006767,0.8169537369264378,0.8999600319801285,0.9562969925784552,0.8283892944003656,1.0,0.9572302785120338,0.8490102564556011,0.8923559330567988,0.8000066949956126,0.9309394687711668,0.8388859653780703,0.852285306573641,0.9080140537679464,0.8368520298358121,0.8207685046993319,0.830318764527733,0.8173502683639526,0.9026839137077332,0.7855082154273987,0.8572518229484558,0.8116801977157593,0.8994142413139343,0.817543625831604,0.9281608462333679,0.8277295231819153,0.8146906495094299,0.8036415576934814
0.8189366875009616,0.8168703595272283,0.9309179797415408,0.9562376632572294,0.8285172491597628,0.99989550808683,0.9572819902352016,0.849010237392354,0.8656961908290856,0.8000188285326114,0.9474307162883144,0.8389009181969287,0.8426212458633494,0.9250600827358796,0.8369536947094227,0.7638160639335421,0.8164891464619469,0.8377812504768372,0.9623143672943115,0.7832102179527283,0.8826814293861389,0.8182947635650635,0.8926218152046204,0.8235563635826111,0.9080415964126587,0.8549292087554932,0.8378657102584839,0.7586488723754883
0.8190380159232333,0.8168682510768751,0.930928752575035,0.956231608043418,0.8319466463935744,0.999954490366282,0.9572778212915648,0.8570669034216729,0.892357161720664,0.7691656102280969,0.964224042812064,0.8388141349420338,0.8521944833602375,0.9427076877023826,0.8369117708699745,0.774607413797725,0.8166063911642577,0.8559156656265259,0.9307927489280701,0.8121799826622009,0.969970703125,0.8717355728149414,0.9061653017997742,0.955460786819458,0.9349452257156372,0.8558663129806519,0.8242344856262207,0.8082874417304993
0.8268493781589854,0.8169465448660493,0.930905816671769,0.9562861275190274,0.8284965721586186,0.99985981091852,0.957364862795993,0.8570288403110137,0.8655769991869235,0.8162272508765339,0.9643189684994828,0.8389695282973214,0.842638182032712,0.9548732773341156,0.8459780597237889,0.7637685186435111,0.8165791224017214,0.8182132244110107,0.9052647352218628,0.7776177525520325,0.8708108067512512,0.8116217851638794,0.8931143283843994,0.8442908525466919,0.9199248552322388,0.88003009557724,0.812511146068573,0.7975621819496155
0.8349669025779344,0.7838483185362564,0.9309936393390286,0.9563343789770822,0.8250034358115911,0.9998859601765916,0.957301381147947,0.8653619802181687,0.8656241651656773,0.7842939459695457,0.9817803208518272,0.8388459481340459,0.8240908833225686,0.967360458385961,0.8279717728583247,0.820753752913753,0.8304553186093092,0.8590502142906189,0.9424264430999756,0.739368736743927,0.8704860210418701,0.811811089515686,0.8903576135635376,0.8083632588386536,0.929680585861206,0.9574731588363647,0.8213058114051819,0.7795066833496094
0.8269640190317161,0.8168057144599344,0.9642595611503152,0.9562914313787604,0.8353865005737254,0.9998326898784984,0.9573050364229968,0.8571517407256843,0.865657744079262,0.7017424520631034,0.981759588511758,0.8388265986292831,0.8522757720159425,0.9802110444287208,0.836956860495782,0.8087574055706398,0.8165672605077634,0.8124561309814453,0.9108779430389404,0.787776529788971,0.8608296513557434,0.826596736907959,0.8986150026321411,0.8468813896179199,0.9199193120002747,0.8608461618423462,0.8158121705055237,0.793671190738678
0.8190088942433529,0.8169607593040806,0.9641899710878552,0.9563787556167468,0.8355313111080911,0.9997674789631724,0.9572029125323884,0.8180141794186385,0.8657006809137853,0.7999625512207449,0.9816698122911997,0.8388595840486329,0.6818619697622422,0.9934173636464556,0.8369002350808504,0.8208029023255052,0.8165859248448349,0.7957119941711426,0.9023100137710571,0.7710736393928528,0.8400194048881531,0.8020616769790649,0.8906465172767639,0.8435176610946655,0.9188510775566101,0.8544213175773621,0.7972827553749084,0.7389718890190125
0.90523601472878,0.8923671472067727,0.8708045654674382,0.785658532066846,0.8839235353306645,0.9709098539076674,0.957228310590932,0.9089873382428822,0.906346059800521,0.8888461395821,0.8710405654952051,0.9042069279197394,0.9259352520647234,0.8222743540942807,0.9166672102492036,0.8871079344036588,0.8908103679152071,0.8987530469894409,0.8917686343193054,0.8534224629402161,0.9033595323562622,0.8793657422065735,0.8602879047393799,0.8461847305297852,0.881415843963623,0.829457700252533,0.883981466293335,0.861326277256012
0.9149037525670916,0.89233265370866,0.8708665832216871,0.8460212860563414,0.8761070377142325,0.9852810384225716,0.957323720453211,0.9090446852832598,0.9206467483994182,0.8888535956151538,0.9000072499695895,0.9095889121866688,0.9259131423793534,0.8458460643757115,0.9165867108557532,0.8870378018239053,0.9073023555142125,0.8815549612045288,0.9017878770828247,0.8690551519393921,0.9162094593048096,0.874588668346405,0.878926157951355,0.8622628450393677,0.8963873982429504,0.8507087826728821,0.8835443258285522,0.8666155934333801
0.8957844618131872,0.8922670332373582,0.8999758127906825,0.9164976396043868,0.9000393424760222,0.98518057905797,0.9781670618294486,0.9182515389709904,0.9206292742579693,0.8888417393589925,0.9152343803230558,0.9150852993529612,0.925864339381284,0.865567633400939,0.9164960471457854,0.8869758652548672,0.9072552339480556,0.9112401008605957,0.9302382469177246,0.8166602849960327,0.8937646150588989,0.8412339687347412,0.9035378694534302,0.8380076289176941,0.9061940908432007,0.8740378022193909,0.8950635194778442,0.8208827376365662
0.9052279091162018,0.8923094416998686,0.9309898491898108,0.9562599257319692,0.8959530618206947,0.9998112242419788,0.978135934844792,0.9182834193854996,0.9063821914326398,0.85093834862353,0.9309426774976391,0.9151937820210256,0.9258293441226714,0.8916613899822606,0.9165697837317895,0.8332562527098573,0.8303862286764082,0.8865901231765747,0.9247600436210632,0.839135468006134,0.9111623764038086,0.873456597328186,0.8932467699050903,0.8609380722045898,0.9025758504867554,0.8751793503761292,0.8754377961158752,0.8365750908851624
0.9148375703707412,0.906243711368988,0.930926735514899,0.9998144188243226,0.8960292765307704,0.9998877361877572,0.9781192738647344,0.9090415076456658,0.8788140948375412,0.8889704921018634,0.9473483663120992,0.9151051696372464,0.9258666681397588,0.9080424492779116,0.9276469740449722,0.8729203884596053,0.9073067864088188,0.9068465232849121,0.9537348747253418,0.8535499572753906,0.9340076446533203,0.8987246751785278,0.8289360404014587,0.8889117240905762,0.9397319555282593,0.8741084933280945,0.8889811038970947,0.8708773255348206
0.9052039151766016,0.8788125184476567,0.9308034516696544,0.956286998297932,0.8535529153957856,0.9999048288417592,0.9781223205750604,0.918340575966736,0.9207661565527352,0.8889414978528811,0.9474226214930712,0.9150856662867528,0.9259552403902576,0.9250287389881476,0.9165995403597608,0.8870319312689559,0.9244059485669454,0.8825246095657349,0.9584393501281738,0.8388586044311523,0.880989134311676,0.8826406598091125,0.917567789554596,0.8383322358131409,0.9169231653213501,0.8948274850845337,0.887931227684021,0.8536064028739929
0.9051451376673784,0.8922073545656015,0.9308936539198304,0.9997104179025558,0.9000361272410314,0.9998356235397264,0.9780158994014004,0.9182975182993622,0.9355539841067758,0.8510065259841767,0.9642047009524338,0.9151770340399076,0.9375700449112834,0.942810259610286,0.9165155577785584,0.8332682541121113,0.8908046549522726,0.9086438417434692,0.9444844126701355,0.8648069500923157,0.9319477677345276,0.8817802667617798,0.9238362312316895,0.8909952640533447,0.9222245216369629,0.9053298234939575,0.8742552399635315,0.8657107353210449
0.9051402217463296,0.892334235201399,0.930944660151034,0.9997651844097504,0.8959035494722218,0.9998308359271328,0.978022618988319,0.8822518667161513,0.9205806325797627,0.8887901904174519,0.981781782344903,0.9206834597015536,0.925809105535014,0.9549335642291272,0.9167006307151286,0.8869526795726589,0.9244991767288694,0.8717174530029297,0.9588000774383545,0.9025008082389832,0.8940973281860352,0.8595482707023621,0.9245510101318359,0.85371994972229,0.9456220865249634,0.9181810021400452,0.9526907205581665,0.8656054735183716
0.9052555332040346,0.9062490430793096,0.964223281261362,0.999713986627252,0.9042027415875457,0.9999184550751624,0.9781627089937496,0.9183888082033378,0.9205396045071318,0.8889276173963494,0.9817940862498166,0.9150702606003068,0.9259420000008112,0.9674265039920776,0.9165437320372416,0.88711631264083,0.9244174640667348,0.8979899883270264,0.9656176567077637,0.8625461459159851,0.9292663931846619,0.8978161811828613,0.9304266571998596,0.8932795524597168,0.9374146461486816,0.9201259016990662,0.8728312849998474,0.874667763710022
0.9148162606759626,0.7532431666125241,0.9641681862989376,0.9997999681506884,0.9041414355075102,0.999813355137553,0.9781135651297098,0.9090430418255544,0.9205953156621473,0.8695134920602645,0.9816847129708,0.9207131702687922,0.9258319175333805,0.980266186388666,0.9166094146477078,0.846035964822441,0.8908527278506801,0.8829240798950195,0.9502752423286438,0.8367859721183777,0.9146442413330078,0.8845673203468323,0.9673467874526978,0.8780637979507446,0.9720646142959595,0.9257199168205261,0.8429704308509827,0.8632771372795105
0.9051981731483036,0.8922754165937008,0.9641568107356946,0.956281575746019,0.90828899129699,0.9998904286327164,0.978096348231348,0.9278197579042392,0.90621415896481,0.7406380479085939,0.9999249870915656,0.915203424996088,0.925987028666324,0.9868431409793842,0.9165765202263249,0.8333362846176362,0.924339609267142,0.8763667345046997,0.9603627920150757,0.8887343406677246,0.878147542476654,0.8722938299179077,0.925145149230957,0.8375164866447449,0.9550591111183167,0.9430018067359924,0.8603217005729675,0.8750174045562744
0.9663144562825318,0.9508222840455522,0.870832056508293,0.7855674265945383,0.9383715324882372,0.9708240367301748,0.9572238319041044,0.947285809325807,0.9508149663108116,0.9091294104480476,0.8709313191196354,0.9617323110274152,0.9739234372696244,0.8223314007468969,0.9745936014094436,0.9482264248576704,0.9607613803266593,0.9449849128723145,0.9256424903869629,0.9052354693412781,0.939763605594635,0.9404124021530151,0.860136866569519,0.8898639678955078,0.8270189762115479,0.8712296485900879,0.9108700156211853,0.9277939200401306
0.9554554586848144,0.9507890961329726,0.8998860195091112,0.8458980063829165,0.934012387601764,0.9851938207267652,0.9779932315965472,0.9573643861100912,0.9508207092472516,0.7016749282305792,0.8998591652642555,0.96175997111827,0.9739402950369636,0.845826576787114,0.974539162532775,0.9016277188474944,0.9606695903381042,0.9231511354446411,0.9265650510787964,0.8870172500610352,0.9421111941337585,0.9210489988327026,0.89540034532547,0.9098454713821411,0.9063188433647156,0.866732656955719,0.8792721629142761,0.9159407019615173
0.9554476314154056,0.9507954397198568,0.8998231834384206,0.9164908593273924,0.9473620612871296,0.98513729094038,0.9780610964734224,0.957321803865194,0.9205768766793948,0.7141837798782908,0.9152575673104264,0.961771985062552,0.9738974112269888,0.8655859859846106,0.974608464379464,0.8729088269126238,0.9421946126567896,0.9374507665634155,0.9256863594055176,0.8920714855194092,0.9476181864738464,0.9028428792953491,0.9064794778823853,0.8981282711029053,0.9084619879722595,0.876632034778595,0.8974633812904358,0.9198378920555115
0.9555502045859908,0.9507184246547646,0.9310063854704528,0.9563648998454964,0.9473057505931032,0.9998391752107396,0.9780741928677634,0.9574410281820204,0.9666811657000708,0.930242416700949,0.930972160617385,0.9616893048748832,0.974003769766174,0.8916633306209107,0.9747024386749976,0.948159454088754,0.9607362968540976,0.9994648098945618,0.9718517065048218,0.8658448457717896,0.9385080337524414,0.932811975479126,0.9307591915130615,0.9357121586799622,0.9241496324539185,0.945376992225647,0.9003140926361084,0.9538424015045166
0.9555213007483142,0.9508206071582678,0.9309051749105836,0.9999521538410464,0.956567822929362,0.99987865728499,0.9782232675038364,0.937565956645587,0.9355289718275392,0.908984437518603,0.9472479405563348,0.967937477529798,0.97393727263717,0.9080965432763674,0.974608869579384,0.948255991189898,0.9421206163797604,0.9363623857498169,0.9575096368789673,0.905657947063446,0.9631511569023132,0.9302841424942017,0.9330739378929138,0.9035636186599731,0.9238394498825073,0.9236253499984741,0.9084445834159851,0.9240887761116028
0.9553985585210364,0.950829355232655,0.9309098506194822,0.9998814425295742,0.9565438505210696,0.9998109756380869,0.9781095366653104,0.9677645065515036,0.9508305926026218,0.9090200937585912,0.9473286275485204,0.9679480543045388,0.9740550517321732,0.9310147611781724,0.9745602303788876,0.948201373912252,0.9606817132156,0.9439523220062256,0.9794591665267944,0.9287925362586975,0.9779383540153503,0.9518390893936157,0.9159882664680481,0.9325017929077148,0.9551214575767517,0.9359540939331055,0.9338537454605103,0.9395779371261597
0.955575162654858,0.9205839926366298,0.964146828654201,0.9998606940762936,0.9519789922367664,0.9999006870519198,0.978095568879918,0.9677022905485666,0.9354525425328076,0.9302168052656242,0.9641588408984594,0.9617746532486764,0.9739621387549152,0.942835392931903,0.9746366530035506,0.9014736077673072,0.9422413880939904,0.9337139129638672,0.9825912714004517,0.9299452900886536,0.9615097045898438,0.9357814788818359,0.9481947422027588,0.9169760942459106,0.9456316232681274,0.9305272698402405,0.9186487793922424,0.9253724813461304
0.9662160135590102,0.9355302191170952,0.9641484349522113,0.999856756510844,0.9612761046923132,0.999733829168294,0.9780942429731962,0.9472471231120114,0.9507863936363266,0.9523584487109088,0.9818115144771644,0.9617578628769656,0.9740576051322904,0.9549129692360232,0.9745606590262372,0.948133737524048,0.9421713431107788,0.9439235329627991,0.9701921343803406,0.8963298797607422,0.9706494212150574,0.9380636811256409,0.9242355823516846,0.8929569125175476,0.956649124622345,0.9508518576622009,0.921151876449585,0.8797271847724915
0.8775003730596973,0.9206239116123957,0.9641337817788572,0.9997491128892688,0.9383789246508966,0.9999070951186478,0.978071490569116,0.9677641350150042,0.9830296968948652,0.9302198946281388,0.9818519561264752,0.9679325214998584,0.9739167063669764,0.967427629659513,0.9746120818283548,0.9015359395154728,0.924381706347252,0.9368160963058472,0.9753422737121582,0.9018211960792542,0.9558727145195007,0.9237655401229858,0.9508013725280762,0.899349570274353,0.9598513245582581,0.920778214931488,0.9112342596054077,0.9001524448394775
0.9555113093929876,0.9507813355558372,0.9641606462702512,0.9998629657627756,0.961216983897579,0.9999403516045192,0.978084405060039,0.9677718977102142,0.9668587003364814,0.9301128910652964,0.9818287223783986,0.9680132774411476,0.9739541188416604,0.980248887615384,0.9746439000924796,0.859296930014537,0.942157337088664,0.9305036067962646,0.9846678376197815,0.929980993270874,0.9798023700714111,0.942303478717804,0.9656628370285034,0.9206961393356323,0.9552321434020996,0.933134913444519,0.9383176565170288,0.9422972798347473
0.955555238550812,0.93554139618572,0.964141829495664,0.9998200867175528,0.9611807442133716,0.9998861164653212,0.978158740861008,0.9677690789507126,0.9507394316365332,0.9301355521014602,1.0,0.967927013218624,0.9739082477169514,0.9866871754060408,0.9745753859340618,0.9482460992214936,0.9422795070837215,0.9422804117202759,0.9934473037719727,0.9243598580360413,0.9809877276420593,0.9522024989128113,0.9675911068916321,0.9331001043319702,0.9529033899307251,0.9341925382614136,0.9319893717765808,0.9216880202293396
0.9884432880669018,0.8168926002340143,0.8708763587102568,0.7856892436868798,0.9705935369608022,0.9708954528693172,0.9782306277669228,0.9781843145438256,0.9665531409830178,0.9301525099916712,0.8709715610763548,0.9934400328661512,0.9999427511790432,0.8223523021478433,0.9998392639225998,0.9820905330641284,0.9998620653718628,0.9458041191101074,0.9401033520698547,0.9162235260009766,0.9578075408935547,0.9605873823165894,0.917323112487793,0.8950357437133789,0.8905104398727417,0.884432852268219,0.9351201057434082,0.9308698773384094
0.988433321031526,0.9830324364415256,0.8998931303465768,0.8460406175853297,0.9755111075890658,0.9850773338370818,0.9780462394738658,0.9573396090265872,0.9666603742347332,0.9755650273943738,0.8999630736188436,0.993425257828324,1.0,0.8458356371386905,0.9999500360380994,0.9164555815147916,0.979891380112304,0.9664649963378906,0.9342589974403381,0.9327757954597473,0.9701040983200073,0.9510736465454102,0.9346204996109009,0.9119037389755249,0.8940740823745728,0.8975825905799866,0.9434870481491089,0.9618521332740784
0.9884043188050832,0.9830827776839332,0.9309075280392564,0.9163870954333204,0.9802472876693152,0.9852418247602278,0.9998383342283852,0.9678091128197168,0.9830533082519496,0.9755794573870664,0.9152477754648076,0.986895911576094,0.9998996665615648,0.8655851643543383,0.9998788883578268,0.9481183238161034,0.9606414632128292,0.979100227355957,0.9633551836013794,0.9461922645568848,0.9858656525611877,0.9585751295089722,0.9459893703460693,0.9264959096908569,0.9189503192901611,0.9221475720405579,0.9441513419151306,0.9566047787666321
0.9885332438404154,0.9830515983423024,0.9309090560512586,0.9562988331321018,0.9851919621584616,0.999988943726788,0.9998417715811456,0.9889612796117618,0.9830228762235538,0.9756331828476904,0.9310160182073608,0.9869121449477188,0.9999172134646244,0.8916900350756976,0.9999271329213036,0.9322064101159324,0.960750968329388,0.971757173538208,0.9693043828010559,0.9411823153495789,0.9875122904777527,0.9630166292190552,0.9527499079704285,0.9152448177337646,0.9249371290206909,0.9297114014625549,0.9484429955482483,0.9384728670120239
0.98852941962963,0.983060973352326,0.9309080475627742,0.9998202165173872,0.9850822843934712,0.9999150733475538,0.9998322633923196,0.9889519265478248,0.9666308106332016,0.9755009583988082,0.9473672197749526,0.9934033994186032,0.9999659037930202,0.908063869719952,0.9999375674635672,0.9821060609871702,0.9799564629751488,0.9843050241470337,0.9889616370201111,0.9385388493537903,0.9964069724082947,0.962810218334198,0.9641116261482239,0.9312845468521118,0.9494822025299072,0.9442186951637268,0.9418676495552063,0.9602084755897522
0.8190665640858974,0.9666573513032972,0.9641553847113978,0.9998044677168562,0.9899792233235316,0.9998487435380046,0.9998844178738376,0.9890383663559796,0.9354942427500996,0.9756043994014176,0.9473504153932004,0.9933999959896044,0.9998652599195552,0.9250824291804656,0.9999135090007916,0.9320976142352888,0.9799669595158668,0.9619672298431396,0.9864813089370728,0.9093379378318787,0.9711874127388,0.9592794179916382,0.9680217504501343,0.9256064891815186,0.9384163618087769,0.9157256484031677,0.9238860607147217,0.9183610081672668
0.9884065900349334,0.9831247154707584,0.964139026711427,0.9998329154307792,0.9901223779700608,0.9998642862446508,0.999857932744134,0.9889444980235416,0.9666659650646464,0.8694682810774764,0.964147016005892,0.9934812988971602,0.9868263790360792,0.9427331756778068,0.9999273801828192,0.9819797313774254,0.979814665087134,0.9729825258255005,0.9887045621871948,0.9442680478096008,1.0016028881072998,0.9584867358207703,0.9485297203063965,0.9635530710220337,0.9401924014091492,0.9528672099113464,0.9497758746147156,0.9688445925712585
0.999982231987704,0.9830686352953326,0.9641989705092048,1.0,0.989961705923057,0.9998652452483195,0.9780814800396658,1.0,0.9666423597782574,0.9755883375947488,0.9818402881265176,0.993382263692942,0.9999468129635976,0.955063858482608,0.9998623422555774,0.8869174845937952,0.9799476273947344,0.9606808423995972,1.004338026046753,0.9358934760093689,0.9871370792388916,0.9574382305145264,0.9678902626037598,0.9449206590652466,0.9544509053230286,0.9441549181938171,0.9411435723304749,0.9797474145889282
1.0,0.9830583242196936,0.9641324049935136,0.9998034509844208,0.9949974808600236,0.9999737666187885,0.9998300106443802,0.989058265999826,0.950764351336416,0.8694648173453399,0.9817157815779952,0.9934242840415212,0.9999295759925118,0.9673354780719208,0.9999019685200876,0.9820531595335796,0.9606006069469974,0.9585554599761963,1.001847267150879,0.925724446773529,0.9977848529815674,0.9645331501960754,0.9627463817596436,0.9588048458099365,0.9447805881500244,0.9616756439208984,0.9416940808296204,0.9463990330696106
0.9885574122387688,0.9665374679575044,0.964182430718442,0.9998397517766704,1.0,0.9997730756451694,0.9998388418974592,0.988977787580503,0.950804593585922,0.9755192031051242,0.981808480850453,0.9934094036966422,0.9998722210132982,0.9802451825805948,0.9999331846820272,0.98195945856014,0.9998610066504936,0.9825429916381836,0.9996917843818665,0.9431958794593811,0.9940221905708313,0.9682440757751465,0.9866577386856079,0.9429280757904053,0.9631075859069824,0.9538993239402771,0.955434262752533,0.958797812461853
0.9772479558225368,0.966605833247582,0.99991739873689,0.9998047056758098,0.9950382101389476,0.9998048600212724,0.9998375515729062,0.9473195715739962,0.9667574215100252,0.9756253779594856,0.99996830104543,0.9999792446345118,0.999965853018571,0.98672068593431,0.999928424864072,0.9014514093074992,0.9999041537907122,0.9740312099456787,0.9980425834655762,0.9453694224357605,1.0092707872390747,0.9618157148361206,0.9859521985054016,0.9302809238433838,0.9662234783172607,0.9592322111129761,0.9400126338005066,0.9570392966270447
0.9884179517485836,0.9830180020592596,0.8708593085819224,0.7855663581906823,0.9706846470801014,0.9709335127269136,0.9780306137978558,0.978192108654678,0.9666702598475948,0.9755490235139912,0.8852264189367884,0.9868176783283964,0.9998981498780648,0.8223729436230263,0.999928554676688,0.9820654640182402,0.9999677642455294,0.9678922891616821,0.9147113561630249,0.9422023296356201,0.9959969520568848,0.9671395421028137,0.9259302616119385,0.9426754117012024,0.8962241411209106,0.8632289171218872,0.9416490793228149,0.964445173740387
0.9999291475852864,0.9830485685549596,0.8998970285039603,0.8460608639718491,0.9753578729732756,0.9852636419324396,0.978053435144125,0.9889693447021914,0.9830555607886776,0.8509236649032856,0.8998774394021137,0.9934301983479704,0.9999155126890206,0.8457533027476766,0.9999547960618024,0.98206669949235,0.9798597840817584,0.9722222685813904,0.9344056248664856,0.929263710975647,0.9813210368156433,0.9531078934669495,0.9012736082077026,0.9373244047164917,0.8931534886360168,0.9022955298423767,0.9169996380805969,0.9382524490356445
0.9884143825957378,0.9830677866063228,0.9308761896195548,0.9165020568361288,0.9753111900281624,0.985053711570424,0.978098878601696,0.967642539014771,0.9508163389701888,0.9756204957199038,0.9152557950151474,0.9934039594000148,0.9867327935658547,0.8655997033444573,1.0,0.999914629761244,0.9798699986960246,0.9766016006469727,0.9514312744140625,0.9503480792045593,0.9856130480766296,0.9526174664497375,0.9101013541221619,0.9214527606964111,0.8998311161994934,0.9205470681190491,0.9348748326301575,0.9623993039131165
0.9999150015514694,0.9830501231032004,0.9309134109129854,0.95636216832654,0.9850297511212582,0.9997778982170984,0.9998193393143844,0.9889302465362504,0.9508031616037698,0.9756055094752958,0.9310095462787088,0.9933925670135292,0.9999550445250562,0.8916837372417812,0.9999272812781982,0.9999004201127104,0.9998696998877454,0.9788044691085815,0.9815694689750671,0.9449360966682434,0.9900132417678833,0.9669705629348755,0.9574246406555176,0.9405603408813477,0.9321951866149902,0.933421790599823,0.9483820796012878,0.9770506620407104
0.988471037828136,0.9830367906323638,0.9308678473241888,0.9998011579358808,0.9899667078021492,0.9998687545070568,0.9997677732429422,0.9782428594513874,0.9666632271604356,0.9755647215828216,0.947235174285902,0.9868226884212942,0.9999659164866334,0.9080008469741184,0.9999747701098592,0.9481764021064018,0.9799054763120122,0.9794992208480835,0.988532304763794,0.9395931363105774,1.0037500858306885,0.9753170013427734,0.954625129699707,0.9455322027206421,0.9481972455978394,0.9455800652503967,0.9410549998283386,0.9569241404533386
0.9999519946071894,0.9831009420889836,0.9641592694081812,0.9997989730597936,0.989966323765364,0.99977522768551,0.9998201642455462,0.9889524852435784,0.966646447290802,0.9756204390816804,0.9643493411248442,1.0,0.9999459434850656,0.9308528131954822,0.9999732493093336,1.0,0.9798280035344528,0.9798271656036377,0.986083984375,0.9472236037254333,0.9984859824180603,0.9709957838058472,0.9702194333076477,0.9380719661712646,0.9520811438560486,0.9437280297279358,0.9491298794746399,0.9686731100082397
0.97724280700217,0.9998724920590034,0.9641550404992686,0.999816625401071,0.9900137628092972,0.9998320789972122,0.9780897389657588,0.9889049931853798,0.9666787498254568,0.9755016492163494,0.9642493031378668,0.9934137933986916,0.999891055160284,0.9428098994291102,0.999923844354775,0.9481966658208172,0.9999883704058948,0.9838292598724365,1.0044387578964233,0.9539933800697327,0.9980407953262329,0.9765332937240601,0.9657906293869019,0.9474728107452393,0.9543768167495728,0.9473429322242737,0.9508464932441711,0.9715422987937927
0.9999150513607452,0.966661569309323,0.9641655308840776,0.9998261873461964,0.9802251189205402,0.9998670851197676,0.9998255686359332,0.9998721678462676,0.9666576210240146,0.975548140087904,0.9818441377710132,0.9934144280576196,0.98681943151894,0.954978112041545,0.9998220949273304,0.9820390439814738,1.0,0.985710859298706,1.0003619194030762,0.9586683511734009,0.998689591884613,0.965072751045227,0.9814319014549255,0.9466099739074707,0.962353527545929,0.9566468596458435,0.9499412775039673,0.9596304893493652
0.955603589552634,0.983050630711854,0.964185397675812,0.9998928231730796,0.9949455672880118,0.9998869476380208,0.9998442253366506,0.9998869797032368,0.9506833800686753,0.9755927551052112,0.9819169892732238,0.9934299805658424,0.999891277265307,0.9674514077388192,0.9999155674005448,0.9820831532986484,0.9606670617883144,0.9819583892822266,1.003531575202942,0.9471888542175293,0.9996122717857361,0.9692918062210083,0.9700345396995544,0.9446533918380737,0.9510897397994995,0.9600107073783875,0.9616697430610657,0.9472828507423401
0.999981827924985,0.9829953441064684,0.9309385171033614,0.9998124718529272,0.9900146558397652,0.9997954843080136,0.9999273428408352,0.9999459617927928,0.98303735836644,0.9755520588876124,0.999975141361688,0.9870351115802156,0.9999120350016916,0.9802064899709344,0.9998809960627691,0.9821623079027288,0.97996479487751,0.9935892820358276,0.9963797926902771,0.9547873735427856,1.0137735605239868,0.9803342819213867,0.9753311276435852,0.9433866739273071,0.9651941061019897,0.9598432183265686,0.95640629529953,0.9562082290649414
0.9999416170150688,0.983009349564091,1.0,0.9998652374595806,0.9949737712527008,0.9999477761808184,0.9998330671921636,0.9999366536573332,0.96659202409015,0.975540347886072,0.9999872796274798,0.9934111458841662,0.9999568914090404,0.993413367977412,0.9999163833451348,0.982070213932322,0.960719939942933,0.9781614542007446,1.014106035232544,0.9560969471931458,1.004673719406128,0.9849554300308228,0.9844410419464111,0.9444983005523682,0.9709471464157104,0.9665165543556213,0.9456145167350769,0.9648830890655518
0.9884702157508382,0.9830799539327784,0.8708994543408806,0.7855778436844358,0.970580422009055,0.9708486089117598,0.978102279440066,0.9782136342046968,0.9508259180170416,1.0,0.8852209755235709,0.9868866698156809,0.9998858769682892,0.8223083106206766,0.9999334566729932,0.9999046431573074,0.979952674945449,0.9700539112091064,0.9249664545059204,0.9448583126068115,0.970129668712616,0.9693232774734497,0.9332127571105957,0.9616239666938782,0.8956913948059082,0.900818943977356,0.9109308123588562,0.9409389495849609
0.9999279023197648,0.9830414859050514,0.899898570641479,0.8459878452168178,0.9706168168164512,0.9851730480176372,0.9781425447347192,0.9889887759542012,0.9508719461368343,0.9999059326666624,0.8852237593927791,0.9869274484676008,0.9999976070965064,0.8458494696191284,0.9999214953919268,0.9999044008505054,0.9799095251961674,0.9819183349609375,0.9615634679794312,0.9530523419380188,0.9827526211738586,0.9729887247085571,0.944869875907898,0.9315463304519653,0.8966153860092163,0.9127441644668579,0.9489664435386658,0.9447504878044128
0.999962505252046,0.9830363226937936,0.9308258478191596,0.9164852061436428,0.980244841365542,0.985131319037334,0.999932621448807,0.9889132901293096,0.9666695235963788,0.9755111395629305,0.91523008273662,0.9869060377966956,0.999935389278644,0.865546824146164,0.999976352736456,0.9321916528192796,0.9998502738677766,0.961990237236023,0.9607399106025696,0.9322195649147034,0.9829633831977844,0.9635322690010071,0.9490811824798584,0.9263615608215332,0.9172541499137878,0.9247308373451233,0.9506801962852478,0.9568902850151062
0.988485375725114,0.9830608861052156,0.93093613325595,0.956376380313162,0.8147780250453273,0.9998628583981524,0.9998378265598268,0.8490335142546304,0.9667613949346764,0.9755529989511844,0.9310347926582492,0.9805053721539808,0.9998421056205512,0.8916774983060496,0.9999374809202594,0.9998999874257294,0.999811220138912,0.947754979133606,0.9749463796615601,0.9315251708030701,0.9781599640846252,0.9522345066070557,0.946928858757019,0.8958624601364136,0.9340786337852478,0.8986680507659912,0.9336857199668884,0.9474887251853943
0.9884340402953906,0.9830986734846848,0.9309162683356248,0.9998280045691194,0.9900082302976104,0.9998502992076296,0.9998461185441722,0.9999472310974185,0.9507782843846052,0.8332338557950957,0.9474973710681612,0.9934118365387689,0.9999451628596426,0.908089459961005,0.9999492942203052,0.9481838569359604,0.9797540963156256,0.9852995276451111,0.993509829044342,0.9638299942016602,1.0241613388061523,1.0064371824264526,0.9494975209236145,0.9566504955291748,0.9392490983009338,0.9356746077537537,0.975544810295105,1.036800503730774
0.9999522824154806,0.9830351964705863,0.9641555158398928,0.999791899318562,0.9850862129503662,0.9998848235327568,0.9998259070732832,0.9783374055193508,0.9508287450228278,0.9756185473687928,0.9643333552940576,0.9934196204692072,0.9999429986930954,0.9250995722771912,0.9999208154310566,0.932111586458734,0.9998741679791128,0.9724081754684448,0.9875857830047607,0.9382504820823669,1.0035326480865479,0.9607753753662109,0.9579247832298279,0.9396092891693115,0.950724184513092,0.9538742899894714,0.9373291730880737,0.9627169966697693
0.988397943194208,0.9830828490711108,0.964159646405738,0.99980265057949,0.9706147263625294,0.9998600595466984,0.99977134758575,0.9999707402593786,1.0,0.9999593483647594,0.9642565569153394,0.9933950433265416,0.9998707234498524,0.9428037049276718,0.9999351566198836,0.9320309398616948,0.9797744933701932,0.9866353273391724,0.982030987739563,0.9848027229309082,1.0134356021881104,0.9905369281768799,0.9894695281982422,0.9810261726379395,0.9753034114837646,0.958280086517334,0.9820720553398132,0.9762816429138184
0.9999673150942372,0.9831479505607782,0.9641547618515344,0.9998160413062778,0.9900346068903436,0.9998691452155252,0.9997680270415884,0.9783211040421708,0.983113868596978,0.9756610163902408,0.9817949869621524,0.993409851687136,0.9999540100191388,0.9549567995445228,0.9999612067107928,0.964656357431068,0.9998777327676038,0.9860239028930664,1.0075575113296509,0.9641090035438538,1.013575792312622,0.982755720615387,0.969504714012146,0.9522160291671753,0.970203161239624,0.9658787846565247,0.9548223614692688,0.9699152112007141
0.9999821821717344,1.0,0.9641679568180636,0.9998515425295924,0.995033987582156,0.9998985984093378,1.0,0.9999538156668812,0.9666760501957292,0.9755672813446928,0.9817792927110498,0.993409017927374,0.9999691406748044,0.967383309235649,0.9999295746341283,0.9165390228552716,0.960689756447392,0.9792085886001587,0.9965863227844238,0.9479754567146301,0.9922683835029602,0.9637553095817566,0.9697608351707458,0.9425896406173706,0.9669833779335022,0.9468795657157898,0.9469930529594421,0.951784610748291
0.9999649904236492,0.9831238825500594,0.9998824934470923,0.9998139428972812,0.9899917532984136,0.9998782523612424,0.9998775849145434,0.9889772754164984,0.9830129388334826,0.869468110139399,0.9999957422093404,0.9934260013920564,0.9998729951792112,0.9802434706723956,0.999922546242363,0.9481844716922728,0.9799078086144676,1.0040284395217896,0.9848031401634216,0.9474937915802002,1.0080721378326416,0.9922336935997009,0.9699313044548035,0.9595730304718018,0.9636637568473816,0.9752984642982483,0.9403449296951294,0.97271329164505
0.9885160324204382,0.9830443570229492,0.9999862997643648,0.999802823639907,0.9901017257988998,0.9851656412276394,0.9998061194494168,0.9889773219768409,0.9666425668371612,0.9523177250394528,0.9999780767322832,0.9935221793876582,0.9999382705612344,1.0,0.9999040515973308,0.9165763389992302,0.9072047908258586,0.9671224355697632,1.021773099899292,0.954988420009613,0.9979515671730042,0.9604210257530212,0.9775944948196411,0.9507625102996826,0.9517697095870972,0.9561735391616821,0.9355292320251465,0.9454385042190552
