,bfs,cfd,cfd_double,fdtd2d,gemm,gups,kmeans,lavamd,maxflops,nw,particlefilter_float,particlefilter_naive,pathfinder,raytracing,sort,srad,where,lammps,Resnet50,sw4lite,Laghos,NAMD,miniGAN,gromacs,bert_large,UNet,XSBench
"(120, 150)",0.6370244105609141,0.6373585238171696,0.8180639282057782,0.7331087836685675,0.6387159104703184,0.970848937085044,0.8997884481053474,0.6568633387383872,0.716043545934043,0.6153264895412068,0.8570260000302954,0.6508309873828764,0.6464390721936012,0.8223282561685991,0.6524270107632251,0.5978185562376822,0.628115210021462,0.6792898774147034,0.7395532131195068,0.5879492163658142,0.65608149766922,0.6456330418586731,0.7175442576408386,0.6718160510063171,0.765217661857605,0.7358538508415222,0.6175181269645691
"(120, 160)",0.6013429075741507,0.6303588269271908,0.8436053672825574,0.7854779978967973,0.6366860239572081,0.9851356221102996,0.8998044832947067,0.6715450883983753,0.7531451865318027,0.6349121256753535,0.8708954401785842,0.653585860805787,0.6521108358050783,0.8458677824760473,0.6524860486605153,0.5554640711156845,0.628151626912099,0.6725427508354187,0.7549741268157959,0.6164772510528564,0.6500985026359558,0.6238833069801331,0.7266974449157715,0.6724355816841125,0.8014479875564575,0.7564805150032043,0.6083266139030457
"(120, 170)",0.6370124204258663,0.6304167114518233,0.8435225051624754,0.8458710940669151,0.6428861720523334,0.985147607470026,0.9182398195945806,0.6568526582811293,0.7732924365063351,0.6249219402047689,0.8851861613675299,0.6536091209797796,0.6354879830089519,0.8656079103550036,0.6524755625475407,0.6248883644180016,0.6281304586013619,0.6667535901069641,0.7844182848930359,0.6163899302482605,0.6722586154937744,0.6240813136100769,0.7625348567962646,0.6586276888847351,0.8084572553634644,0.7649098038673401,0.6351063847541809
"(120, 180)",0.6323115698104292,0.630321094211017,0.8708892370144606,0.8798356224896156,0.644969381439827,0.98523163730635,0.9182527367414592,0.6336940889179409,0.7435975362123431,0.6153005452156504,0.899897977277984,0.6508316603858878,0.6409995567488151,0.8916359067799733,0.6524427245595086,0.5850213866606032,0.6362818228481734,0.6600835919380188,0.7765473127365112,0.6016923785209656,0.6588393449783325,0.6341321468353271,0.7697796821594238,0.6716520190238953,0.8441945314407349,0.7478676438331604,0.6285185813903809
"(120, 190)",0.6370099451863042,0.6304380180337082,0.8707464736223751,0.9165126910871866,0.6429022717858369,0.9997975014920802,0.9182174473850828,0.6666231535667926,0.7435099929102399,0.6249457461525192,0.9152489569735256,0.6536279894398764,0.6521546973126636,0.9081079945605331,0.6525260853393156,0.6043371608989897,0.6281175674081325,0.6775727868080139,0.7870338559150696,0.6240224242210388,0.6783192157745361,0.6501748561859131,0.781843900680542,0.6780397295951843,0.8556011915206909,0.7675969004631042,0.6306699514389038
"(120, 200)",0.6369996805596537,0.6303546950544155,0.870946211029323,0.9164625577531784,0.6450129816362329,0.9997054224935744,0.8997808846967665,0.6616655811137216,0.7532203552612987,0.6249043913351301,0.9309873040080447,0.6535659848498996,0.6465617135525874,0.9250335243448132,0.6524831875816978,0.597711965974833,0.6281341731111691,0.6617612242698669,0.77716463804245,0.6074102520942688,0.6667397022247314,0.6590545177459717,0.7764478325843811,0.694392740726471,0.858576774597168,0.7582531571388245,0.615185022354126
"(120, 210)",0.6369846413452503,0.6303600955240967,0.8437340466252461,0.9165411230147024,0.6326028105158347,0.9997634377431756,0.8997292633319582,0.6616879351048413,0.7532081279723496,0.6060182013651493,0.9474280417463348,0.6536306332661598,0.6520814595334787,0.942708356465472,0.652457615336593,0.5912882985661828,0.6281230182138514,0.6734375953674316,0.7716984152793884,0.6114988923072815,0.6646074056625366,0.6367818713188171,0.7895788550376892,0.6831269860267639,0.832798957824707,0.7535156607627869,0.6237354278564453
"(120, 220)",0.6369697308539103,0.6304068969478311,0.8997258840875528,0.9165547942370124,0.6470208886508186,0.9997535159409128,0.8998391339329058,0.666689578498995,0.753283686491802,0.6059347590652776,0.947331902781429,0.650895165282765,0.5136852054335087,0.9549573157021932,0.6580292428374249,0.5912776376656426,0.6201760382463627,0.6645211577415466,0.7920662760734558,0.6080853939056396,0.6588039994239807,0.6490979790687561,0.7809816598892212,0.6841724514961243,0.8497886657714844,0.7580609917640686,0.6061303615570068
"(120, 230)",0.6370317513159559,0.6304060032527776,0.8998854483623832,0.916407759095975,0.644976026851135,0.9997783953921074,0.899747369106034,0.6666351108171666,0.7531346282614289,0.615271706236405,0.9472419133151464,0.6564693765201179,0.6521012917352894,0.9674165566971784,0.6580558667861954,0.5978109435962212,0.6202047423036254,0.668271541595459,0.7989220023155212,0.6250231266021729,0.6760019063949585,0.6475822925567627,0.8101600408554077,0.6907584071159363,0.8840898275375366,0.7806535363197327,0.633613646030426
"(120, 240)",0.6370384722535045,0.6373332364598212,0.899911093565018,0.9163815525688704,0.6491850987991096,0.9999020297553304,0.8999012290698019,0.6817924299078468,0.7532895172257135,0.6152720215988429,0.9642469917876342,0.653644721463226,0.6521506102689789,0.9802438414823286,0.6525068271098755,0.6042378182098241,0.6281512167193969,0.6689960360527039,0.8001824021339417,0.6106002926826477,0.6581553816795349,0.6525930762290955,0.7918707728385925,0.6813628077507019,0.8580077886581421,0.7700566649436951,0.6112053394317627
"(120, 250)",0.6369453644048009,0.6303577540047443,0.8997633823867803,0.9164732456181844,0.6449588930692782,0.9998462502145932,0.8997771758463838,0.6665670728056933,0.7532507063559745,0.5882359851087207,0.9642230757006528,0.6536229779460498,0.640993016060835,0.9868355870613986,0.6524538412577364,0.6111001315812205,0.6281625374678931,0.731803297996521,0.748292863368988,0.6278070211410522,0.6900043487548828,0.691154956817627,0.7200515866279602,0.7447163462638855,0.8474074006080627,0.7171278595924377,0.6226846575737
"(130, 150)",0.6935215408830514,0.6987033471293607,0.8435518011595778,0.7584420353713147,0.6828133514616254,0.9708871875360828,0.8998208274412236,0.6715835829313672,0.7944276172841928,0.6666875334687041,0.8709183539505883,0.7224384603093699,0.7210894441662817,0.8222684006838733,0.7196088395332965,0.6321166278413871,0.699950538379659,0.7284173369407654,0.7541891932487488,0.6520618796348572,0.697831392288208,0.6716259717941284,0.7298020720481873,0.7133128643035889,0.796146035194397,0.7751653790473938,0.6732853651046753
"(130, 160)",0.6934875472924952,0.6516871355058566,0.8436435540808435,0.8145422577995394,0.6851804368562,0.9850918138951066,0.9181201748471164,0.7316482753103235,0.7944870694877527,0.6557086252877927,0.8851806700989057,0.7122332878967345,0.72105996643135,0.8457661962729217,0.7064054397293723,0.6789879218412593,0.7100372326791027,0.7360943555831909,0.7997779250144958,0.6497477889060974,0.7253900170326233,0.6711879372596741,0.761177659034729,0.7263861894607544,0.7854622006416321,0.7677138447761536,0.6736252307891846
"(130, 170)",0.6990690005256837,0.698768413430863,0.8707831862323042,0.8459804108363436,0.6875659061410814,0.9851508348779492,0.918199072302768,0.6765950502992071,0.8055952544207088,0.6450949753753443,0.8998953858989007,0.7088845645469102,0.728067037795269,0.8656156114964475,0.6999222994690675,0.6320592707405782,0.6998991242566172,0.724736213684082,0.803410530090332,0.6494544744491577,0.7036471366882324,0.6624470949172974,0.7674683332443237,0.714032769203186,0.834683895111084,0.7980727553367615,0.6715699434280396
"(130, 180)",0.693569950696319,0.6988537937659532,0.870766941924367,0.916529451894962,0.6923043157521436,0.9999756068896432,0.9182358321233388,0.7376457981712108,0.8054485020852977,0.6666380794172987,0.9152197598330776,0.7156109228824309,0.7211362300022218,0.8916957730091382,0.7063791804222637,0.6249219414942514,0.6900228704196864,0.7135002017021179,0.8107832670211792,0.6418229937553406,0.6984633803367615,0.6703727841377258,0.788763165473938,0.7055497765541077,0.8678798675537109,0.7820490002632141,0.6812264919281006
"(130, 190)",0.6934601397413017,0.6904717786811628,0.8708640558054915,0.9164087768554182,0.6899343670732896,0.9998652949744858,0.9372598116608684,0.7257359483692558,0.8054721273199761,0.6779371328357797,0.9151599831335528,0.7224472711240302,0.7210935498548371,0.9080248666027052,0.7129276301734352,0.646955830462864,0.6999012516862344,0.7286049127578735,0.8177948594093323,0.6756250858306885,0.7302000522613525,0.6725480556488037,0.799705445766449,0.7261677980422974,0.8613934516906738,0.7837381362915039,0.6880044937133789
"(130, 200)",0.6879588883753548,0.6904968920438446,0.8998386167977329,0.9563423949698407,0.6874839997405318,0.999960707285069,0.918105914816356,0.7316538674258356,0.7944976482192616,0.6778934607835665,0.9309743992409776,0.7190605837418039,0.7280916806289872,0.9251341108450876,0.7063636762546454,0.6790162946516545,0.6901098587956968,0.7356151938438416,0.8223443627357483,0.6527426838874817,0.7202485203742981,0.6843968033790588,0.8070634603500366,0.7291143536567688,0.8934618234634399,0.7755814790725708,0.6802494525909424
"(130, 210)",0.6935660418762815,0.6823232741789566,0.8998290369166373,0.9164401104129536,0.6996856420804687,0.9998397718939456,0.9181325356824576,0.7199882928034388,0.7945154493063668,0.6779880204718587,0.9473310483706608,0.7156370056200451,0.7281616041613278,0.9427623436380508,0.7128173203366902,0.6320963825632593,0.6998740339371953,0.6730104088783264,0.8350237607955933,0.6385875344276428,0.681302547454834,0.6863362193107605,0.8091415166854858,0.7242153882980347,0.8789986371994019,0.8624285459518433,0.6405633687973022
"(130, 220)",0.6991384984751179,0.6904812439113934,0.8998585481727169,0.9165611209513332,0.6972015063402048,0.9998398145142018,0.918216599974334,0.7316715588939962,0.7836998212628523,0.655700873406659,0.9641872447707596,0.7122088150693756,0.7280835884167611,0.9549577585424576,0.7128684149014823,0.6547576836848874,0.6999309609026049,0.7366200685501099,0.8352201581001282,0.6517919898033142,0.7205037474632263,0.6921282410621643,0.8149380087852478,0.7223882079124451,0.8511643409729004,0.795890748500824,0.6846238374710083
"(130, 230)",0.6990600738447322,0.6516779999132583,0.8998429713565723,0.916483188464723,0.694783110291376,0.999793687316387,0.9180954541748916,0.725763022303865,0.7944901570805694,0.6779755371692779,0.964207528421622,0.7155316918418858,0.7280531626355322,0.9674483345820396,0.712839546074921,0.6706191300322012,0.6998994050575483,0.7255868315696716,0.8284721970558167,0.6685542464256287,0.7228525876998901,0.6862158179283142,0.8147108554840088,0.6959835290908813,0.8718177676200867,0.8014511466026306,0.6786399483680725
"(130, 240)",0.693440767295501,0.6822464079935633,0.9309429944907934,0.9563921763036614,0.6996891081525083,0.9998285913055616,0.9182268046877652,0.7376599353722919,0.7944706320863384,0.6779657182424405,0.9641011532451328,0.7155634554353958,0.7281015900486271,0.980250531559724,0.7128620748064581,0.6788660056049293,0.699918181156459,0.7332534790039062,0.8373475670814514,0.6708824634552002,0.7262278199195862,0.7043494582176208,0.8310140371322632,0.7470268607139587,0.8753097057342529,0.8132035136222839,0.7140240669250488
"(130, 250)",0.6825363709917398,0.6905020534613846,0.9309266591112776,0.916478916831459,0.6780495633178948,0.999883814763518,0.9182304709470124,0.7316217287928918,0.7944446952192508,0.6667076715679425,0.98165230414593,0.7189699148603884,0.7210580193751835,0.993353611329534,0.7063439222288725,0.6394521181909892,0.7099546730963795,0.7320035099983215,0.833013117313385,0.6635231375694275,0.7377066016197205,0.6932005286216736,0.815528392791748,0.7370465993881226,0.9026037454605103,0.7922561168670654,0.677925705909729
"(140, 150)",0.7747499457679199,0.7631621446593461,0.8436391115348957,0.7585674144760636,0.7528598745862676,0.970851462017528,0.9372417817720357,0.8035478429654823,0.8406555501521111,0.7142173492584724,0.8710018553315874,0.7782977698007223,0.7977458605234401,0.8223984081621619,0.78558237534543,0.753325434714621,0.7655304151647063,0.7769917249679565,0.8228351473808289,0.7212611436843872,0.7743957042694092,0.7418851256370544,0.7809951305389404,0.7675179243087769,0.7770835161209106,0.7982616424560547,0.752778172492981
"(140, 160)",0.7678345846257336,0.7631558159446403,0.8709103406042876,0.8146119882083241,0.7615882180964819,0.9851389528800876,0.9373548053128004,0.796411883083255,0.8286182548115826,0.5796817058769017,0.885175061477258,0.7824262705735531,0.7977288712811225,0.8457180057143834,0.7856557261529827,0.7638284359703784,0.765576810861169,0.7737160325050354,0.8283568024635315,0.699405312538147,0.777330756187439,0.7265532612800598,0.7791314721107483,0.7694639563560486,0.8047043085098267,0.8071687817573547,0.7374699711799622
"(140, 170)",0.7746818438821559,0.7532217701944472,0.8708304786681407,0.8797368100054126,0.7704272538626502,0.9852052212611464,0.9374381032610624,0.8035638642959716,0.8406586416103418,0.7407209907614526,0.8999219143309058,0.7823833267059069,0.7978914297411331,0.8656020020627839,0.7855722607778389,0.7638026318901895,0.7654780701699586,0.7872087359428406,0.8541713953018188,0.7128940224647522,0.7893133163452148,0.7265592217445374,0.802668571472168,0.7616115212440491,0.8454470038414001,0.8060995936393738,0.7567630410194397
"(140, 180)",0.7747156956572406,0.7631534881129926,0.8997851376862102,0.9164068685583168,0.7673896109075091,0.9997476851096244,0.937270128043286,0.7963744175908215,0.8405976170665529,0.7272803911045028,0.9152244634447968,0.7824289203451029,0.7978175214032307,0.8916874295055254,0.7856725175272042,0.705081366854824,0.7655130837037255,0.7687026858329773,0.8506361842155457,0.740900993347168,0.7836681008338928,0.7402278780937195,0.8285818696022034,0.7629594206809998,0.8845417499542236,0.8301650285720825,0.7436950206756592
"(140, 190)",0.7747746160960732,0.7632208384506605,0.8999356977696474,0.9563766574313056,0.7704141033543892,0.9999372041858334,0.9571650215222038,0.8035124760313344,0.8528183055232629,0.7547438887631346,0.9310694398884908,0.7863774816986895,0.7978830450704367,0.9080078811812744,0.7777845915703345,0.7534213629812929,0.7655629109222319,0.7784947752952576,0.8674565553665161,0.7415027022361755,0.8058525919914246,0.7507576942443848,0.8358089923858643,0.7936835289001465,0.8714371919631958,0.8283951878547668,0.7614308595657349
"(140, 200)",0.7816965631041393,0.7533109493626585,0.8999394677724483,0.9562416407433264,0.7674822467025533,0.99986674413922,0.937234542130425,0.8107489783029246,0.8528730877982726,0.75474853252849,0.9473620059222866,0.790512302656701,0.7978179254133402,0.9250328529059292,0.7856601223706937,0.7049625214643838,0.7655918844092392,0.763182520866394,0.8725704550743103,0.7205426692962646,0.7726214528083801,0.7528867721557617,0.8338143825531006,0.7567421197891235,0.8805553913116455,0.8096545934677124,0.7293134331703186
"(140, 210)",0.7818114511963319,0.7532418022344555,0.9310053309211568,0.9564081113841644,0.7703785823885775,0.9998845891002874,0.9572695319882591,0.8107486167207822,0.8405408574632333,0.7547160070349443,0.9473280737674166,0.7906155541377492,0.806377065326786,0.9428204934443954,0.7856044062405824,0.7142021678889786,0.7655747665533625,0.7740744948387146,0.8694054484367371,0.7142718434333801,0.789056122303009,0.7439689040184021,0.8815057277679443,0.7830103039741516,0.8777722120285034,0.8255745768547058,0.751045823097229
"(140, 220)",0.7746954706099539,0.725006927351846,0.9309038149909956,0.9564009256858534,0.7734672625854561,0.999753096914228,0.9571540783735674,0.8108506478295245,0.8529964915933874,0.72728729026493,0.9643125663089775,0.7823686940997321,0.8064075957812162,0.9611094192776112,0.7855839244119757,0.7533142355878129,0.7654998863566722,0.7760284543037415,0.8632187843322754,0.7222724556922913,0.8005762100219727,0.7673171162605286,0.8537973165512085,0.7806258797645569,0.8958829641342163,0.8119849562644958,0.7568995952606201
"(140, 230)",0.7818204306826155,0.7532572251167167,0.9310369837236234,0.9563172588499462,0.7674006975371366,0.9997903845620624,0.9572200900030896,0.8107369280564095,0.8405043458608681,0.7999457434415151,0.9641318153400116,0.7587696934597907,0.7977962468089618,0.9674557240370384,0.7699464637355603,0.7236607544987258,0.7777469175242572,0.7899219989776611,0.8861733078956604,0.7446798086166382,0.7982625365257263,0.7492386102676392,0.8624095916748047,0.7879231572151184,0.8867810964584351,0.8453704714775085,0.749529242515564
"(140, 240)",0.7817724432377565,0.7248964449704933,0.9308911633452586,0.9563849710502912,0.7644166717825143,0.9998238747918072,0.937418802106269,0.8108009208424097,0.8529731491301669,0.7842454000006347,0.98173608725399,0.7947805272280984,0.8063629586190699,0.9802517676117314,0.7856347264966785,0.714207368822362,0.7655191302675342,0.7896022200584412,0.9107031226158142,0.6815964579582214,0.7672492861747742,0.7227254509925842,0.8612204790115356,0.8000503778457642,0.9172239899635315,0.8053931593894958,0.7262964248657227
"(140, 250)",0.7746667195064624,0.7630536150462486,0.930956915926168,0.9563596347576878,0.7615331826630517,0.9997932682560274,0.9571838260998484,0.803560718723211,0.8405443539765276,0.7546934143810985,0.9817767521079506,0.7864891541538637,0.7978609063459439,0.99343006494612,0.7776487875826587,0.7142933718065552,0.7655658890313487,0.7564419507980347,0.8652030825614929,0.7325180768966675,0.7677380442619324,0.6971982717514038,0.894127368927002,0.7674797773361206,0.9286842942237854,0.8076973557472229,0.7374857664108276
"(150, 150)",0.8348229617942883,0.8168422660045331,0.8708562061989904,0.785491430264518,0.7674175439945286,0.9708482070672242,0.9373331930297604,0.8490611698172981,0.8787525894970504,0.833249232596894,0.8708643577386905,0.8342548278996548,0.852144790267058,0.8223685546945512,0.8368463926139373,0.7745349671112008,0.8165802237419649,0.8208310604095459,0.8480169773101807,0.7501564025878906,0.831119179725647,0.8029950261116028,0.8151931166648865,0.7845465540885925,0.810558557510376,0.7989203333854675,0.8030062317848206
"(150, 160)",0.8190586136236979,0.7945135541972951,0.8708990397588331,0.8459085828653535,0.8215696597881221,0.9852422661983332,0.9572458767541968,0.8410450092243731,0.878755555550427,0.8333408028336643,0.8852576507778428,0.8342380898082239,0.8240910126398052,0.8457713031837601,0.8368571908612964,0.8208410877085269,0.8165599984259982,0.8268399238586426,0.8634480834007263,0.784573495388031,0.8331031799316406,0.8131322264671326,0.8115439414978027,0.8212050199508667,0.8472985029220581,0.8289432525634766,0.8001288175582886
"(150, 170)",0.8189632980780952,0.8285199269574547,0.8998163877885084,0.8799069775962113,0.8215645986790739,0.9851548071013454,0.9572851121190974,0.8410590398810199,0.8530027976813791,0.7999477387095797,0.9000263156145072,0.8342292570004388,0.8426355455699087,0.8656229657807052,0.8369986805725885,0.7534593244455536,0.816616394702182,0.7935038208961487,0.9062082767486572,0.7751835584640503,0.7911326289176941,0.7680959701538086,0.8354555368423462,0.7682638764381409,0.8625037670135498,0.8587825298309326,0.8021873831748962
"(150, 180)",0.8349827944353513,0.8169871682494964,0.8708628923966177,0.9563950663533762,0.8284732874274578,0.9997769109710456,0.9572955637916388,0.8489822153447345,0.8786982977799446,0.784337863581666,0.9152346092334313,0.8250962651037245,0.842593806027162,0.8915874832496163,0.8368314859484659,0.7534175356009514,0.8166068835606487,0.82491534948349,0.8756186962127686,0.7709634900093079,0.8226861357688904,0.7687395215034485,0.8222702741622925,0.8227658867835999,0.9018324613571167,0.8515769839286804,0.8054858446121216
"(150, 190)",0.704861053006767,0.8169537369264378,0.8999600319801285,0.9562969925784552,0.8283892944003656,1.0,0.9572302785120338,0.8490102564556011,0.8923559330567988,0.8000066949956126,0.9309394687711668,0.8388859653780703,0.852285306573641,0.9080140537679464,0.8368520298358121,0.8207685046993319,0.830318764527733,0.8355000615119934,0.8697435259819031,0.7932330369949341,0.83111971616745,0.7816402316093445,0.8491597175598145,0.8054918646812439,0.9025889039039612,0.8237600922584534,0.818039059638977
"(150, 200)",0.8189366875009616,0.8168703595272283,0.9309179797415408,0.9562376632572294,0.8285172491597628,0.99989550808683,0.9572819902352016,0.849010237392354,0.8656961908290856,0.8000188285326114,0.9474307162883144,0.8389009181969287,0.8426212458633494,0.9250600827358796,0.8369536947094227,0.7638160639335421,0.8164891464619469,0.8104286193847656,0.8781575560569763,0.7556753754615784,0.8110658526420593,0.7697323560714722,0.8451006412506104,0.7803272604942322,0.9017218351364136,0.8268060684204102,0.7847128510475159
"(150, 210)",0.8190380159232333,0.8168682510768751,0.930928752575035,0.956231608043418,0.8319466463935744,0.999954490366282,0.9572778212915648,0.8570669034216729,0.892357161720664,0.7691656102280969,0.964224042812064,0.8388141349420338,0.8521944833602375,0.9427076877023826,0.8369117708699745,0.774607413797725,0.8166063911642577,0.8316107988357544,0.9036502242088318,0.7735714912414551,0.830912172794342,0.7944831848144531,0.8749677538871765,0.816649854183197,0.9212923645973206,0.8645069003105164,0.7933796048164368
"(150, 220)",0.8268493781589854,0.8169465448660493,0.930905816671769,0.9562861275190274,0.8284965721586186,0.99985981091852,0.957364862795993,0.8570288403110137,0.8655769991869235,0.8162272508765339,0.9643189684994828,0.8389695282973214,0.842638182032712,0.9548732773341156,0.8459780597237889,0.7637685186435111,0.8165791224017214,0.8181196451187134,0.8875200152397156,0.7760297656059265,0.8464293479919434,0.7898382544517517,0.8563457131385803,0.8023977279663086,0.908690869808197,0.8484640717506409,0.7816408276557922
"(150, 230)",0.8349669025779344,0.7838483185362564,0.9309936393390286,0.9563343789770822,0.8250034358115911,0.9998859601765916,0.957301381147947,0.8653619802181687,0.8656241651656773,0.7842939459695457,0.9817803208518272,0.8388459481340459,0.8240908833225686,0.967360458385961,0.8279717728583247,0.820753752913753,0.8304553186093092,0.8388600945472717,0.9053125381469727,0.774570643901825,0.8217348456382751,0.8367218375205994,0.8933495283126831,0.8149955868721008,0.9155827760696411,0.8621641397476196,0.8116455674171448
"(150, 240)",0.8269640190317161,0.8168057144599344,0.9642595611503152,0.9562914313787604,0.8353865005737254,0.9998326898784984,0.9573050364229968,0.8571517407256843,0.865657744079262,0.7017424520631034,0.981759588511758,0.8388265986292831,0.8522757720159425,0.9802110444287208,0.836956860495782,0.8087574055706398,0.8165672605077634,0.8323608040809631,0.9086705446243286,0.7837601900100708,0.8240917921066284,0.7969160676002502,0.8682333827018738,0.7992833256721497,0.9222685694694519,0.8783033490180969,0.812269926071167
"(150, 250)",0.8190088942433529,0.8169607593040806,0.9641899710878552,0.9563787556167468,0.8355313111080911,0.9997674789631724,0.9572029125323884,0.8180141794186385,0.8657006809137853,0.7999625512207449,0.9816698122911997,0.8388595840486329,0.6818619697622422,0.9934173636464556,0.8369002350808504,0.8208029023255052,0.8165859248448349,0.8366140127182007,0.9006839394569397,0.795362651348114,0.8322446942329407,0.7987737059593201,0.8856289386749268,0.7996546626091003,0.9562515616416931,0.8468804955482483,0.8065573573112488
"(160, 150)",0.90523601472878,0.8923671472067727,0.8708045654674382,0.785658532066846,0.8839235353306645,0.9709098539076674,0.957228310590932,0.9089873382428822,0.906346059800521,0.8888461395821,0.8710405654952051,0.9042069279197394,0.9259352520647234,0.8222743540942807,0.9166672102492036,0.8871079344036588,0.8908103679152071,0.901103675365448,0.8799441456794739,0.8287911415100098,0.9136277437210083,0.8631990551948547,0.8012116551399231,0.8941310048103333,0.822554886341095,0.8661336302757263,0.872555136680603
"(160, 160)",0.9149037525670916,0.89233265370866,0.8708665832216871,0.8460212860563414,0.8761070377142325,0.9852810384225716,0.957323720453211,0.9090446852832598,0.9206467483994182,0.8888535956151538,0.9000072499695895,0.9095889121866688,0.9259131423793534,0.8458460643757115,0.9165867108557532,0.8870378018239053,0.9073023555142125,0.8496494293212891,0.8819818496704102,0.8561745285987854,0.8797551393508911,0.824104905128479,0.790301501750946,0.929017186164856,0.8391997814178467,0.8309902548789978,0.8579105734825134
"(160, 170)",0.8957844618131872,0.8922670332373582,0.8999758127906825,0.9164976396043868,0.9000393424760222,0.98518057905797,0.9781670618294486,0.9182515389709904,0.9206292742579693,0.8888417393589925,0.9152343803230558,0.9150852993529612,0.925864339381284,0.865567633400939,0.9164960471457854,0.8869758652548672,0.9072552339480556,0.9030764698982239,0.8951742053031921,0.8458777070045471,0.9225143790245056,0.8602780699729919,0.8584415316581726,0.8972252607345581,0.8798520565032959,0.8749786615371704,0.8904174566268921
"(160, 180)",0.9052279091162018,0.8923094416998686,0.9309898491898108,0.9562599257319692,0.8959530618206947,0.9998112242419788,0.978135934844792,0.9182834193854996,0.9063821914326398,0.85093834862353,0.9309426774976391,0.9151937820210256,0.9258293441226714,0.8916613899822606,0.9165697837317895,0.8332562527098573,0.8303862286764082,0.9033014178276062,0.8936535716056824,0.8544753193855286,0.8913081884384155,0.8638362288475037,0.8519272208213806,0.8861052393913269,0.9016750454902649,0.8849437832832336,0.8560454845428467
"(160, 190)",0.9148375703707412,0.906243711368988,0.930926735514899,0.9998144188243226,0.8960292765307704,0.9998877361877572,0.9781192738647344,0.9090415076456658,0.8788140948375412,0.8889704921018634,0.9473483663120992,0.9151051696372464,0.9258666681397588,0.9080424492779116,0.9276469740449722,0.8729203884596053,0.9073067864088188,0.8720666766166687,0.9498364925384521,0.7916935086250305,0.9730497002601624,0.851690948009491,0.8942828178405762,0.9043669104576111,0.9277498126029968,0.9044697284698486,0.8441486954689026
"(160, 200)",0.9052039151766016,0.8788125184476567,0.9308034516696544,0.956286998297932,0.8535529153957856,0.9999048288417592,0.9781223205750604,0.918340575966736,0.9207661565527352,0.8889414978528811,0.9474226214930712,0.9150856662867528,0.9259552403902576,0.9250287389881476,0.9165995403597608,0.8870319312689559,0.9244059485669454,0.903869092464447,0.9222045540809631,0.8476665616035461,0.9150850176811218,0.8732871413230896,0.9254043698310852,0.8862545490264893,0.9398793578147888,0.8831058740615845,0.8683509230613708
"(160, 210)",0.9051451376673784,0.8922073545656015,0.9308936539198304,0.9997104179025558,0.9000361272410314,0.9998356235397264,0.9780158994014004,0.9182975182993622,0.9355539841067758,0.8510065259841767,0.9642047009524338,0.9151770340399076,0.9375700449112834,0.942810259610286,0.9165155577785584,0.8332682541121113,0.8908046549522726,0.8945533633232117,0.9229057431221008,0.8587472438812256,0.9163990616798401,0.8709441423416138,0.9107887744903564,0.8878400921821594,0.9500691294670105,0.8750579953193665,0.8787338733673096
"(160, 220)",0.9051402217463296,0.892334235201399,0.930944660151034,0.9997651844097504,0.8959035494722218,0.9998308359271328,0.978022618988319,0.8822518667161513,0.9205806325797627,0.8887901904174519,0.981781782344903,0.9206834597015536,0.925809105535014,0.9549335642291272,0.9167006307151286,0.8869526795726589,0.9244991767288694,0.9159844517707825,0.9371994137763977,0.8631357550621033,0.9232738018035889,0.8904513716697693,0.8984400033950806,0.8825936913490295,0.9303487539291382,0.8926358222961426,0.8668447732925415
"(160, 230)",0.9052555332040346,0.9062490430793096,0.964223281261362,0.999713986627252,0.9042027415875457,0.9999184550751624,0.9781627089937496,0.9183888082033378,0.9205396045071318,0.8889276173963494,0.9817940862498166,0.9150702606003068,0.9259420000008112,0.9674265039920776,0.9165437320372416,0.88711631264083,0.9244174640667348,0.9203078150749207,0.9472803473472595,0.8756473660469055,0.9164522290229797,0.88377845287323,0.9130859375,0.9026747941970825,0.9512201547622681,0.8842272162437439,0.8880683183670044
"(160, 240)",0.9148162606759626,0.7532431666125241,0.9641681862989376,0.9997999681506884,0.9041414355075102,0.999813355137553,0.9781135651297098,0.9090430418255544,0.9205953156621473,0.8695134920602645,0.9816847129708,0.9207131702687922,0.9258319175333805,0.980266186388666,0.9166094146477078,0.846035964822441,0.8908527278506801,0.8828315734863281,0.9390186667442322,0.8449742794036865,0.8994008898735046,0.8718437552452087,0.9529546499252319,0.8617056608200073,0.9498893022537231,0.8704119324684143,0.8717278242111206
"(160, 250)",0.9051981731483036,0.8922754165937008,0.9641568107356946,0.956281575746019,0.90828899129699,0.9998904286327164,0.978096348231348,0.9278197579042392,0.90621415896481,0.7406380479085939,0.9999249870915656,0.915203424996088,0.925987028666324,0.9868431409793842,0.9165765202263249,0.8333362846176362,0.924339609267142,0.8770359754562378,0.9580888152122498,0.9039064645767212,0.8750424981117249,0.8649837970733643,0.9199055433273315,0.8689606189727783,0.9366112947463989,0.962449312210083,0.8785051703453064
"(170, 150)",0.9663144562825318,0.9508222840455522,0.870832056508293,0.7855674265945383,0.9383715324882372,0.9708240367301748,0.9572238319041044,0.947285809325807,0.9508149663108116,0.9091294104480476,0.8709313191196354,0.9617323110274152,0.9739234372696244,0.8223314007468969,0.9745936014094436,0.9482264248576704,0.9607613803266593,0.9509750604629517,0.9112316966056824,0.9147780537605286,0.9684529304504395,0.9134852886199951,0.8436650037765503,0.9390556216239929,0.8214002251625061,0.8975016474723816,0.9224561452865601
"(170, 160)",0.9554554586848144,0.9507890961329726,0.8998860195091112,0.8458980063829165,0.934012387601764,0.9851938207267652,0.9779932315965472,0.9573643861100912,0.9508207092472516,0.7016749282305792,0.8998591652642555,0.96175997111827,0.9739402950369636,0.845826576787114,0.974539162532775,0.9016277188474944,0.9606695903381042,0.9396759867668152,0.9056313633918762,0.8894034028053284,0.9270243644714355,0.8864824175834656,0.8392372727394104,0.8961319327354431,0.8484673500061035,0.866210401058197,0.8973042368888855
"(170, 170)",0.9554476314154056,0.9507954397198568,0.8998231834384206,0.9164908593273924,0.9473620612871296,0.98513729094038,0.9780610964734224,0.957321803865194,0.9205768766793948,0.7141837798782908,0.9152575673104264,0.961771985062552,0.9738974112269888,0.8655859859846106,0.974608464379464,0.8729088269126238,0.9421946126567896,0.9311602115631104,0.9103394746780396,0.8764185309410095,0.9177637696266174,0.8897011280059814,0.877981960773468,0.9175480604171753,0.8720653057098389,0.9007670879364014,0.892104983329773
"(170, 180)",0.9555502045859908,0.9507184246547646,0.9310063854704528,0.9563648998454964,0.9473057505931032,0.9998391752107396,0.9780741928677634,0.9574410281820204,0.9666811657000708,0.930242416700949,0.930972160617385,0.9616893048748832,0.974003769766174,0.8916633306209107,0.9747024386749976,0.948159454088754,0.9607362968540976,0.9740887880325317,0.9462192058563232,0.86870938539505,0.9551319479942322,0.9110215902328491,0.9018022418022156,0.9562555551528931,0.9067112803459167,0.9274562001228333,0.9510209560394287
"(170, 190)",0.9555213007483142,0.9508206071582678,0.9309051749105836,0.9999521538410464,0.956567822929362,0.99987865728499,0.9782232675038364,0.937565956645587,0.9355289718275392,0.908984437518603,0.9472479405563348,0.967937477529798,0.97393727263717,0.9080965432763674,0.974608869579384,0.948255991189898,0.9421206163797604,0.9536496996879578,0.9381467700004578,0.9063333868980408,0.9564329385757446,0.9202644228935242,0.8978908061981201,0.9488633871078491,0.9201379418373108,0.9234001636505127,0.9253338575363159
"(170, 200)",0.9553985585210364,0.950829355232655,0.9309098506194822,0.9998814425295742,0.9565438505210696,0.9998109756380869,0.9781095366653104,0.9677645065515036,0.9508305926026218,0.9090200937585912,0.9473286275485204,0.9679480543045388,0.9740550517321732,0.9310147611781724,0.9745602303788876,0.948201373912252,0.9606817132156,0.9580402374267578,0.9428346157073975,0.9037267565727234,0.9755881428718567,0.9327722191810608,0.908486545085907,0.9254563450813293,0.9561790823936462,0.917391836643219,0.9307794570922852
"(170, 210)",0.955575162654858,0.9205839926366298,0.964146828654201,0.9998606940762936,0.9519789922367664,0.9999006870519198,0.978095568879918,0.9677022905485666,0.9354525425328076,0.9302168052656242,0.9641588408984594,0.9617746532486764,0.9739621387549152,0.942835392931903,0.9746366530035506,0.9014736077673072,0.9422413880939904,0.9434689283370972,0.9606497287750244,0.8990863561630249,0.9531568884849548,0.9227460622787476,0.9338686466217041,0.940330445766449,0.9509846568107605,0.9281339645385742,0.9113612174987793
"(170, 220)",0.9662160135590102,0.9355302191170952,0.9641484349522113,0.999856756510844,0.9612761046923132,0.999733829168294,0.9780942429731962,0.9472471231120114,0.9507863936363266,0.9523584487109088,0.9818115144771644,0.9617578628769656,0.9740576051322904,0.9549129692360232,0.9745606590262372,0.948133737524048,0.9421713431107788,0.927913248538971,0.9885337948799133,0.8882875442504883,0.9864282608032227,0.9372159242630005,0.9249176979064941,0.935799241065979,0.9363347291946411,0.9683732986450195,0.9064630270004272
"(170, 230)",0.8775003730596973,0.9206239116123957,0.9641337817788572,0.9997491128892688,0.9383789246508966,0.9999070951186478,0.978071490569116,0.9677641350150042,0.9830296968948652,0.9302198946281388,0.9818519561264752,0.9679325214998584,0.9739167063669764,0.967427629659513,0.9746120818283548,0.9015359395154728,0.924381706347252,0.9223329424858093,0.9613338112831116,0.8960534930229187,0.958028256893158,0.9134266376495361,0.9477566480636597,0.9180442690849304,0.9764037728309631,0.921802818775177,0.9166438579559326
"(170, 240)",0.9555113093929876,0.9507813355558372,0.9641606462702512,0.9998629657627756,0.961216983897579,0.9999403516045192,0.978084405060039,0.9677718977102142,0.9668587003364814,0.9301128910652964,0.9818287223783986,0.9680132774411476,0.9739541188416604,0.980248887615384,0.9746439000924796,0.859296930014537,0.942157337088664,0.9648532271385193,0.9626752138137817,0.9014695882797241,0.9633527398109436,0.921773374080658,0.9339147806167603,0.9282113909721375,0.9636790156364441,0.9095432162284851,0.9322385787963867
"(170, 250)",0.955555238550812,0.93554139618572,0.964141829495664,0.9998200867175528,0.9611807442133716,0.9998861164653212,0.978158740861008,0.9677690789507126,0.9507394316365332,0.9301355521014602,1.0,0.967927013218624,0.9739082477169514,0.9866871754060408,0.9745753859340618,0.9482460992214936,0.9422795070837215,0.9623498320579529,0.9707911610603333,0.923803448677063,0.9794014096260071,0.9276584982872009,0.9285644888877869,0.9161879420280457,0.9353189468383789,0.9237554669380188,0.9290223121643066
"(180, 150)",0.9884432880669018,0.8168926002340143,0.8708763587102568,0.7856892436868798,0.9705935369608022,0.9708954528693172,0.9782306277669228,0.9781843145438256,0.9665531409830178,0.9301525099916712,0.8709715610763548,0.9934400328661512,0.9999427511790432,0.8223523021478433,0.9998392639225998,0.9820905330641284,0.9998620653718628,0.9396238923072815,0.9056695699691772,0.9270310401916504,0.9854876399040222,0.9179524779319763,0.8183412551879883,0.9295914769172668,0.8218036890029907,0.881228506565094,0.9185956716537476
"(180, 160)",0.988433321031526,0.9830324364415256,0.8998931303465768,0.8460406175853297,0.9755111075890658,0.9850773338370818,0.9780462394738658,0.9573396090265872,0.9666603742347332,0.9755650273943738,0.8999630736188436,0.993425257828324,1.0,0.8458356371386905,0.9999500360380994,0.9164555815147916,0.979891380112304,0.9850744605064392,0.9495312571525574,0.9398218989372253,0.995129406452179,0.9274343252182007,0.8661859631538391,0.9568491578102112,0.872714638710022,0.8929226398468018,0.9264858365058899
"(180, 170)",0.9884043188050832,0.9830827776839332,0.9309075280392564,0.9163870954333204,0.9802472876693152,0.9852418247602278,0.9998383342283852,0.9678091128197168,0.9830533082519496,0.9755794573870664,0.9152477754648076,0.986895911576094,0.9998996665615648,0.8655851643543383,0.9998788883578268,0.9481183238161034,0.9606414632128292,0.9875171184539795,0.9355236291885376,0.9202561974525452,0.9825779795646667,0.9311656355857849,0.8912914991378784,0.9653595685958862,0.8819078803062439,0.937160313129425,0.9428229928016663
"(180, 180)",0.9885332438404154,0.9830515983423024,0.9309090560512586,0.9562988331321018,0.9851919621584616,0.999988943726788,0.9998417715811456,0.9889612796117618,0.9830228762235538,0.9756331828476904,0.9310160182073608,0.9869121449477188,0.9999172134646244,0.8916900350756976,0.9999271329213036,0.9322064101159324,0.960750968329388,0.9649271965026855,0.9578782916069031,0.9413748383522034,0.9861943125724792,0.9419682621955872,0.8928078413009644,0.9476183652877808,0.9116848707199097,0.9410961270332336,0.9474257230758667
"(180, 190)",0.98852941962963,0.983060973352326,0.9309080475627742,0.9998202165173872,0.9850822843934712,0.9999150733475538,0.9998322633923196,0.9889519265478248,0.9666308106332016,0.9755009583988082,0.9473672197749526,0.9934033994186032,0.9999659037930202,0.908063869719952,0.9999375674635672,0.9821060609871702,0.9799564629751488,0.9884988069534302,0.9689980149269104,0.962330162525177,0.9868489503860474,0.9424427151679993,0.9240297079086304,0.9599372744560242,0.9306752681732178,0.9403068423271179,0.9441182017326355
"(180, 200)",0.8190665640858974,0.9666573513032972,0.9641553847113978,0.9998044677168562,0.9899792233235316,0.9998487435380046,0.9998844178738376,0.9890383663559796,0.9354942427500996,0.9756043994014176,0.9473504153932004,0.9933999959896044,0.9998652599195552,0.9250824291804656,0.9999135090007916,0.9320976142352888,0.9799669595158668,0.9590672850608826,0.9666664004325867,0.9519051909446716,0.98066645860672,0.949580192565918,0.9365650415420532,0.9236368536949158,0.951578676700592,0.94863361120224,0.9490686058998108
"(180, 210)",0.9884065900349334,0.9831247154707584,0.964139026711427,0.9998329154307792,0.9901223779700608,0.9998642862446508,0.999857932744134,0.9889444980235416,0.9666659650646464,0.8694682810774764,0.964147016005892,0.9934812988971602,0.9868263790360792,0.9427331756778068,0.9999273801828192,0.9819797313774254,0.979814665087134,0.9805890917778015,0.9474296569824219,0.928652286529541,0.9718151092529297,0.9469054937362671,0.925990104675293,0.9687433838844299,0.9523126482963562,0.9577993750572205,0.9301850199699402
"(180, 220)",0.999982231987704,0.9830686352953326,0.9641989705092048,1.0,0.989961705923057,0.9998652452483195,0.9780814800396658,1.0,0.9666423597782574,0.9755883375947488,0.9818402881265176,0.993382263692942,0.9999468129635976,0.955063858482608,0.9998623422555774,0.8869174845937952,0.9799476273947344,0.9800173044204712,0.9839549660682678,0.9356016516685486,0.9863344430923462,0.9446775317192078,0.9312458038330078,0.9564863443374634,0.9538618922233582,0.963003396987915,0.9492536187171936
"(180, 230)",1.0,0.9830583242196936,0.9641324049935136,0.9998034509844208,0.9949974808600236,0.9999737666187885,0.9998300106443802,0.989058265999826,0.950764351336416,0.8694648173453399,0.9817157815779952,0.9934242840415212,0.9999295759925118,0.9673354780719208,0.9999019685200876,0.9820531595335796,0.9606006069469974,0.9873362183570862,1.0018230676651,0.9135404825210571,0.9940721988677979,0.9476282000541687,0.9467579126358032,0.9449915885925293,0.9740045666694641,0.9149966239929199,0.9543038010597229
"(180, 240)",0.9885574122387688,0.9665374679575044,0.964182430718442,0.9998397517766704,1.0,0.9997730756451694,0.9998388418974592,0.988977787580503,0.950804593585922,0.9755192031051242,0.981808480850453,0.9934094036966422,0.9998722210132982,0.9802451825805948,0.9999331846820272,0.98195945856014,0.9998610066504936,0.9863994121551514,0.9572973251342773,0.9288448095321655,1.0084713697433472,0.9489654302597046,0.954857349395752,0.9641587138175964,0.9801200032234192,0.9525385499000549,0.9546993970870972
"(180, 250)",0.9772479558225368,0.966605833247582,0.99991739873689,0.9998047056758098,0.9950382101389476,0.9998048600212724,0.9998375515729062,0.9473195715739962,0.9667574215100252,0.9756253779594856,0.99996830104543,0.9999792446345118,0.999965853018571,0.98672068593431,0.999928424864072,0.9014514093074992,0.9999041537907122,0.9630654454231262,0.9881411194801331,0.94675213098526,1.0041006803512573,0.9467125535011292,0.9458035230636597,0.9580269455909729,0.9886307120323181,0.9299525022506714,0.9548522233963013
"(190, 150)",0.9884179517485836,0.9830180020592596,0.8708593085819224,0.7855663581906823,0.9706846470801014,0.9709335127269136,0.9780306137978558,0.978192108654678,0.9666702598475948,0.9755490235139912,0.8852264189367884,0.9868176783283964,0.9998981498780648,0.8223729436230263,0.999928554676688,0.9820654640182402,0.9999677642455294,0.9685697555541992,0.8873289227485657,0.9334387183189392,0.9929397106170654,0.9437329769134521,0.8530286550521851,0.9650330543518066,0.8410261869430542,0.8578746318817139,0.9154272675514221
"(190, 160)",0.9999291475852864,0.9830485685549596,0.8998970285039603,0.8460608639718491,0.9753578729732756,0.9852636419324396,0.978053435144125,0.9889693447021914,0.9830555607886776,0.8509236649032856,0.8998774394021137,0.9934301983479704,0.9999155126890206,0.8457533027476766,0.9999547960618024,0.98206669949235,0.9798597840817584,0.9671398401260376,0.9145195484161377,0.9238024950027466,0.9841814041137695,0.9453684091567993,0.8421278595924377,0.9581582546234131,0.8507140874862671,0.8474025726318359,0.9459705948829651
"(190, 170)",0.9884143825957378,0.9830677866063228,0.9308761896195548,0.9165020568361288,0.9753111900281624,0.985053711570424,0.978098878601696,0.967642539014771,0.9508163389701888,0.9756204957199038,0.9152557950151474,0.9934039594000148,0.9867327935658547,0.8655997033444573,1.0,0.999914629761244,0.9798699986960246,0.9881990551948547,0.9471936225891113,0.9616000652313232,1.0091781616210938,0.9448137879371643,0.871972382068634,0.9703691601753235,0.8972853422164917,0.921665608882904,0.9597716331481934
"(190, 180)",0.9999150015514694,0.9830501231032004,0.9309134109129854,0.95636216832654,0.9850297511212582,0.9997778982170984,0.9998193393143844,0.9889302465362504,0.9508031616037698,0.9756055094752958,0.9310095462787088,0.9933925670135292,0.9999550445250562,0.8916837372417812,0.9999272812781982,0.9999004201127104,0.9998696998877454,0.9672832489013672,0.9470615983009338,0.9444662928581238,0.9961922764778137,0.9660019278526306,0.8874167203903198,0.9599242806434631,0.910831093788147,0.9151386618614197,0.9739784598350525
"(190, 190)",0.988471037828136,0.9830367906323638,0.9308678473241888,0.9998011579358808,0.9899667078021492,0.9998687545070568,0.9997677732429422,0.9782428594513874,0.9666632271604356,0.9755647215828216,0.947235174285902,0.9868226884212942,0.9999659164866334,0.9080008469741184,0.9999747701098592,0.9481764021064018,0.9799054763120122,0.9549601674079895,0.9554214477539062,0.9383834600448608,0.9997656345367432,0.9636232852935791,0.924947202205658,0.9576060771942139,0.9528294801712036,0.9414516687393188,0.9824808239936829
"(190, 200)",0.9999519946071894,0.9831009420889836,0.9641592694081812,0.9997989730597936,0.989966323765364,0.99977522768551,0.9998201642455462,0.9889524852435784,0.966646447290802,0.9756204390816804,0.9643493411248442,1.0,0.9999459434850656,0.9308528131954822,0.9999732493093336,1.0,0.9798280035344528,0.9824077486991882,0.9690445065498352,0.9642272591590881,1.0064606666564941,0.9541030526161194,0.9267066717147827,0.9577704071998596,0.9446926116943359,0.9494525194168091,0.9459104537963867
"(190, 210)",0.97724280700217,0.9998724920590034,0.9641550404992686,0.999816625401071,0.9900137628092972,0.9998320789972122,0.9780897389657588,0.9889049931853798,0.9666787498254568,0.9755016492163494,0.9642493031378668,0.9934137933986916,0.999891055160284,0.9428098994291102,0.999923844354775,0.9481966658208172,0.9999883704058948,0.9850004315376282,0.9885727167129517,0.974763810634613,0.9830579161643982,0.9756356477737427,0.9649559855461121,0.9722779989242554,0.9805794954299927,0.9729171991348267,0.977859377861023
"(190, 220)",0.9999150513607452,0.966661569309323,0.9641655308840776,0.9998261873461964,0.9802251189205402,0.9998670851197676,0.9998255686359332,0.9998721678462676,0.9666576210240146,0.975548140087904,0.9818441377710132,0.9934144280576196,0.98681943151894,0.954978112041545,0.9998220949273304,0.9820390439814738,1.0,0.9943557381629944,0.9667153358459473,0.9444655776023865,1.0084006786346436,0.9587910175323486,0.9461480379104614,0.9804039597511292,0.9507816433906555,0.9515379071235657,0.9435700178146362
"(190, 230)",0.955603589552634,0.983050630711854,0.964185397675812,0.9998928231730796,0.9949455672880118,0.9998869476380208,0.9998442253366506,0.9998869797032368,0.9506833800686753,0.9755927551052112,0.9819169892732238,0.9934299805658424,0.999891277265307,0.9674514077388192,0.9999155674005448,0.9820831532986484,0.9606670617883144,0.9915581345558167,0.9761570692062378,0.9458990097045898,1.0113500356674194,0.9696745276451111,0.9435100555419922,0.9617826342582703,0.9768557548522949,0.9661870002746582,0.9598804116249084
"(190, 240)",0.999981827924985,0.9829953441064684,0.9309385171033614,0.9998124718529272,0.9900146558397652,0.9997954843080136,0.9999273428408352,0.9999459617927928,0.98303735836644,0.9755520588876124,0.999975141361688,0.9870351115802156,0.9999120350016916,0.9802064899709344,0.9998809960627691,0.9821623079027288,0.97996479487751,0.986811637878418,0.9822009801864624,0.9480846524238586,1.0103250741958618,0.9529833197593689,0.9357714056968689,0.9808310866355896,0.9627124071121216,0.9616004824638367,0.963106632232666
"(190, 250)",0.9999416170150688,0.983009349564091,1.0,0.9998652374595806,0.9949737712527008,0.9999477761808184,0.9998330671921636,0.9999366536573332,0.96659202409015,0.975540347886072,0.9999872796274798,0.9934111458841662,0.9999568914090404,0.993413367977412,0.9999163833451348,0.982070213932322,0.960719939942933,0.9713683724403381,1.0196162462234497,0.9652279019355774,0.9720669388771057,0.9806250929832458,0.9438288807868958,0.9524596929550171,0.9631109833717346,0.9967221021652222,0.9390099048614502
"(200, 150)",0.9884702157508382,0.9830799539327784,0.8708994543408806,0.7855778436844358,0.970580422009055,0.9708486089117598,0.978102279440066,0.9782136342046968,0.9508259180170416,1.0,0.8852209755235709,0.9868866698156809,0.9998858769682892,0.8223083106206766,0.9999334566729932,0.9999046431573074,0.979952674945449,0.9609914422035217,0.8975492119789124,0.9181499481201172,0.9712879061698914,0.9630160331726074,0.841381311416626,0.9725818037986755,0.8484262228012085,0.8497644662857056,0.9525670409202576
"(200, 160)",0.9999279023197648,0.9830414859050514,0.899898570641479,0.8459878452168178,0.9706168168164512,0.9851730480176372,0.9781425447347192,0.9889887759542012,0.9508719461368343,0.9999059326666624,0.8852237593927791,0.9869274484676008,0.9999976070965064,0.8458494696191284,0.9999214953919268,0.9999044008505054,0.9799095251961674,0.984454870223999,0.9501751065254211,0.9728373885154724,1.0197539329528809,0.938560962677002,0.8703609704971313,0.9655487537384033,0.865301251411438,0.9364147782325745,0.9374359846115112
"(200, 170)",0.999962505252046,0.9830363226937936,0.9308258478191596,0.9164852061436428,0.980244841365542,0.985131319037334,0.999932621448807,0.9889132901293096,0.9666695235963788,0.9755111395629305,0.91523008273662,0.9869060377966956,0.999935389278644,0.865546824146164,0.999976352736456,0.9321916528192796,0.9998502738677766,0.9820759892463684,0.9526535868644714,0.929517388343811,1.0002156496047974,0.9488808512687683,0.8843485116958618,0.9667728543281555,0.903320848941803,0.9280487298965454,0.9450351595878601
"(200, 180)",0.988485375725114,0.9830608861052156,0.93093613325595,0.956376380313162,0.8147780250453273,0.9998628583981524,0.9998378265598268,0.8490335142546304,0.9667613949346764,0.9755529989511844,0.9310347926582492,0.9805053721539808,0.9998421056205512,0.8916774983060496,0.9999374809202594,0.9998999874257294,0.999811220138912,0.9716538786888123,0.9554576277732849,0.9698557257652283,0.9994601011276245,0.9826120138168335,0.8914450407028198,0.967536449432373,0.8717153072357178,0.9165525436401367,0.9547669887542725
"(200, 190)",0.9884340402953906,0.9830986734846848,0.9309162683356248,0.9998280045691194,0.9900082302976104,0.9998502992076296,0.9998461185441722,0.9999472310974185,0.9507782843846052,0.8332338557950957,0.9474973710681612,0.9934118365387689,0.9999451628596426,0.908089459961005,0.9999492942203052,0.9481838569359604,0.9797540963156256,0.9692308306694031,0.9605463147163391,0.9405123591423035,1.0107142925262451,0.9797065854072571,0.8934958577156067,0.9788751006126404,0.9499715566635132,0.9384799003601074,1.0001038312911987
"(200, 200)",0.9999522824154806,0.9830351964705863,0.9641555158398928,0.999791899318562,0.9850862129503662,0.9998848235327568,0.9998259070732832,0.9783374055193508,0.9508287450228278,0.9756185473687928,0.9643333552940576,0.9934196204692072,0.9999429986930954,0.9250995722771912,0.9999208154310566,0.932111586458734,0.9998741679791128,0.9953442215919495,0.9650631546974182,0.9650819301605225,0.9956626296043396,0.9572944045066833,0.9207336902618408,0.9726175665855408,0.9522219300270081,0.9462001919746399,0.9552487730979919
"(200, 210)",0.988397943194208,0.9830828490711108,0.964159646405738,0.99980265057949,0.9706147263625294,0.9998600595466984,0.99977134758575,0.9999707402593786,1.0,0.9999593483647594,0.9642565569153394,0.9933950433265416,0.9998707234498524,0.9428037049276718,0.9999351566198836,0.9320309398616948,0.9797744933701932,0.9924812316894531,0.9782875776290894,0.929612398147583,0.9801720976829529,0.9526323676109314,0.9480130672454834,0.9614531397819519,0.9523951411247253,0.9511838555335999,0.9573522806167603
"(200, 220)",0.9999673150942372,0.9831479505607782,0.9641547618515344,0.9998160413062778,0.9900346068903436,0.9998691452155252,0.9997680270415884,0.9783211040421708,0.983113868596978,0.9756610163902408,0.9817949869621524,0.993409851687136,0.9999540100191388,0.9549567995445228,0.9999612067107928,0.964656357431068,0.9998777327676038,0.984523355960846,0.970836341381073,0.9250486493110657,0.999226987361908,0.9677830934524536,0.9446686506271362,0.9623975157737732,0.951031506061554,0.9547377228736877,0.9499453902244568
"(200, 230)",0.9999821821717344,1.0,0.9641679568180636,0.9998515425295924,0.995033987582156,0.9998985984093378,1.0,0.9999538156668812,0.9666760501957292,0.9755672813446928,0.9817792927110498,0.993409017927374,0.9999691406748044,0.967383309235649,0.9999295746341283,0.9165390228552716,0.960689756447392,0.9958898425102234,0.9706323742866516,0.9304121732711792,1.009047269821167,0.9620693922042847,0.9546688199043274,0.9516308307647705,0.9662263989448547,0.9598301649093628,0.9444928169250488
"(200, 240)",0.9999649904236492,0.9831238825500594,0.9998824934470923,0.9998139428972812,0.9899917532984136,0.9998782523612424,0.9998775849145434,0.9889772754164984,0.9830129388334826,0.869468110139399,0.9999957422093404,0.9934260013920564,0.9998729951792112,0.9802434706723956,0.999922546242363,0.9481844716922728,0.9799078086144676,1.000612735748291,0.9788376688957214,0.9546918869018555,0.9958286881446838,0.9607993960380554,0.9496644139289856,0.962643563747406,0.96794193983078,0.9491474032402039,0.9574571847915649
"(200, 250)",0.9885160324204382,0.9830443570229492,0.9999862997643648,0.999802823639907,0.9901017257988998,0.9851656412276394,0.9998061194494168,0.9889773219768409,0.9666425668371612,0.9523177250394528,0.9999780767322832,0.9935221793876582,0.9999382705612344,1.0,0.9999040515973308,0.9165763389992302,0.9072047908258586,0.978302538394928,0.988404393196106,0.9411307573318481,0.9884570240974426,0.9691162705421448,1.0091845989227295,0.9447570443153381,1.0099990367889404,0.9568520188331604,0.9349378347396851
